
	<!DOCTYPE project [
		<!ELEMENT project (objectids-table | current-scenario | duration | aggregation-period | truncated-mean | percentile)* >
	
		<!ELEMENT objectids-table (objectids-entry)* >
		<!ELEMENT objectids-entry (#PCDATA)>
		<!ELEMENT duration (#PCDATA)>
		<!ELEMENT truncated-mean (#PCDATA)>
		<!ELEMENT percentile (#PCDATA)>
		<!ELEMENT aggregation-period (#PCDATA)>
		<!ELEMENT current-scenario (#PCDATA)>
		<!ATTLIST duration
		    value CDATA #REQUIRED>
	    <!ATTLIST aggregation-period
		    value CDATA #REQUIRED>
		<!ATTLIST objectids-entry
		    objectid CDATA #REQUIRED
		    type CDATA #REQUIRED
		    value CDATA #REQUIRED
		    key CDATA #REQUIRED>
		<!ATTLIST truncated-mean
		    centered-interval CDATA #REQUIRED
		    percentage CDATA #REQUIRED>
		 <!ATTLIST percentile
		    percentage CDATA #REQUIRED>
	]>


<!--****** RUNTIME PROJECT ******--><project>
<!--****** CURRENT SCENARIO ******-->
<current-scenario>WebServices</current-scenario>
<!--****** OBJECTIDS ******-->
<objectids-table>
<objectids-entry key="" objectid="0" type="LG_HOST" value="localhost:7100"/>
<objectids-entry key="" objectid="1" type="ZONE" value="Default zone"/>
<objectids-entry key="Default zone¤Test Start¤" objectid="2" type="POPULATION" value="Test Start"/>
<objectids-entry key="Default zone¤Test Start¤AppD - Test Start" objectid="3" type="VIRTUAL_USER" value="AppD - Test Start"/>
<objectids-entry key="Default zone¤Test Start¤AppD - Test Start" objectid="4" type="BASIC_LOGICAL_CONTAINER" value="$parent=AppD - Test Start;$index=0"/>
<objectids-entry key="Default zone¤Test Start¤AppD - Test Start" objectid="5" type="BASIC_LOGICAL_CONTAINER" value="$parent=AppD - Test Start;$index=1"/>
<objectids-entry key="Default zone¤Test Start¤AppD - Test Start" objectid="6" type="HTTP_PAGE" value="fdd72d00-65ca-42e2-9977-14afcd49289f"/>
<objectids-entry key="Default zone¤Test Start¤AppD - Test Start" objectid="7" type="ACTION" value="0a308184-55ce-429f-ab48-500884bb70e8"/>
<objectids-entry key="Default zone¤Test Start¤AppD - Test Start" objectid="8" type="BASIC_LOGICAL_CONTAINER" value="7a2397a7-355b-4593-a85d-92c8e6ca5e9f"/>
<objectids-entry key="Default zone¤Test Start¤AppD - Test Start" objectid="9" type="BASIC_LOGICAL_CONTAINER" value="13a809ad-de00-4988-8404-5e37755f2357"/>
<objectids-entry key="Default zone¤Test Start¤AppD - Test Start" objectid="10" type="JS_ACTION" value="09f6a4d2-7027-4036-ba94-2766be42d6c0"/>
<objectids-entry key="Default zone¤Test Start¤AppD - Test Start" objectid="11" type="BASIC_LOGICAL_CONTAINER" value="be604411-40c4-4b8c-8971-a244297394be"/>
<objectids-entry key="Default zone¤Test Start¤AppD - Test Start" objectid="12" type="JS_ACTION" value="6f7ffd33-dce7-4728-a1d0-3ce8ff808624"/>
<objectids-entry key="Default zone¤Test Start¤AppD - Test Start" objectid="13" type="BASIC_LOGICAL_CONTAINER" value="$parent=AppD - Test Start;$index=2"/>
<objectids-entry key="Default zone¤Test Stop¤" objectid="14" type="POPULATION" value="Test Stop"/>
<objectids-entry key="Default zone¤Test Stop¤AppD - Test Stop" objectid="15" type="VIRTUAL_USER" value="AppD - Test Stop"/>
<objectids-entry key="Default zone¤Test Stop¤AppD - Test Stop" objectid="16" type="BASIC_LOGICAL_CONTAINER" value="$parent=AppD - Test Stop;$index=0"/>
<objectids-entry key="Default zone¤Test Stop¤AppD - Test Stop" objectid="17" type="BASIC_LOGICAL_CONTAINER" value="$parent=AppD - Test Stop;$index=1"/>
<objectids-entry key="Default zone¤Test Stop¤AppD - Test Stop" objectid="18" type="HTTP_PAGE" value="d16a0ea3-b4c3-4cc3-8302-b9248599ee44"/>
<objectids-entry key="Default zone¤Test Stop¤AppD - Test Stop" objectid="19" type="ACTION" value="08ee83ae-2bfe-4c05-bfdf-c4c2a478e430"/>
<objectids-entry key="Default zone¤Test Stop¤AppD - Test Stop" objectid="20" type="BASIC_LOGICAL_CONTAINER" value="$parent=AppD - Test Stop;$index=2"/>
<objectids-entry key="Default zone¤Web Services¤" objectid="21" type="POPULATION" value="Web Services"/>
<objectids-entry key="Default zone¤Web Services¤WSDL" objectid="22" type="VIRTUAL_USER" value="WSDL"/>
<objectids-entry key="Default zone¤Web Services¤WSDL" objectid="23" type="BASIC_LOGICAL_CONTAINER" value="$parent=WSDL;$index=0"/>
<objectids-entry key="Default zone¤Web Services¤WSDL" objectid="24" type="JS_ACTION" value="4f082513-a5f4-4c8e-ad89-4280ccc4fd52"/>
<objectids-entry key="Default zone¤Web Services¤WSDL" objectid="25" type="BASIC_LOGICAL_CONTAINER" value="$parent=WSDL;$index=1"/>
<objectids-entry key="Default zone¤Web Services¤WSDL" objectid="26" type="BASIC_LOGICAL_CONTAINER" value="d7886bd9-83c4-4e83-8917-bee7c4fbdcdc"/>
<objectids-entry key="Default zone¤Web Services¤WSDL" objectid="27" type="ACTION" value="1b7bf81f-dea6-4161-9a8e-723f66f17642"/>
<objectids-entry key="Default zone¤Web Services¤WSDL" objectid="28" type="BASIC_LOGICAL_CONTAINER" value="bfe0662a-7b67-4efa-bb6f-70e5eaef1c30"/>
<objectids-entry key="Default zone¤Web Services¤WSDL" objectid="29" type="BASIC_LOGICAL_CONTAINER" value="deba1dc4-39f4-4692-810a-371ec080021c"/>
<objectids-entry key="Default zone¤Web Services¤WSDL" objectid="30" type="ACTION" value="517d9d8d-96da-4488-8a3e-1a57c1eb63e4"/>
<objectids-entry key="Default zone¤Web Services¤WSDL¤deba1dc4-39f4-4692-810a-371ec080021c" objectid="31" type="SLA_THRESHOLD" value="aa7f2662-54d1-4350-9603-3fa6ae27c536"/>
<objectids-entry key="Default zone¤Web Services¤WSDL¤deba1dc4-39f4-4692-810a-371ec080021c" objectid="32" type="SLA_THRESHOLD" value="edf3ea34-0bb3-4c87-846d-1954049a9f32"/>
<objectids-entry key="Default zone¤Web Services¤WSDL¤deba1dc4-39f4-4692-810a-371ec080021c" objectid="33" type="SLA_THRESHOLD" value="02c7e326-295b-4485-82e9-c73b283fbe27"/>
<objectids-entry key="Default zone¤Web Services¤WSDL¤deba1dc4-39f4-4692-810a-371ec080021c" objectid="34" type="SLA_THRESHOLD" value="e0717409-6b2b-4397-bd09-4c70dccdef45"/>
<objectids-entry key="Default zone¤Web Services¤WSDL¤deba1dc4-39f4-4692-810a-371ec080021c" objectid="35" type="SLA_THRESHOLD" value="eb93f0e7-649f-44c7-95a6-0969c8c5c4d4"/>
<objectids-entry key="Default zone¤Web Services¤WSDL¤deba1dc4-39f4-4692-810a-371ec080021c" objectid="36" type="SLA_THRESHOLD" value="e85123d0-4bca-4e78-8613-6148edf2a43b"/>
<objectids-entry key="Default zone¤Web Services¤WSDL¤deba1dc4-39f4-4692-810a-371ec080021c" objectid="37" type="SLA_THRESHOLD" value="4ef49997-f409-4f86-a7c2-4e2e11b1f829"/>
<objectids-entry key="Default zone¤Web Services¤WSDL¤deba1dc4-39f4-4692-810a-371ec080021c" objectid="38" type="SLA_THRESHOLD" value="3aa9f488-ba7f-4244-afdc-149f20e393e7"/>
<objectids-entry key="Default zone¤Web Services¤WSDL¤deba1dc4-39f4-4692-810a-371ec080021c" objectid="39" type="SLA_THRESHOLD" value="95a4e089-fa41-4224-9c4a-0a142b9cbb01"/>
<objectids-entry key="Default zone¤Web Services¤WSDL¤deba1dc4-39f4-4692-810a-371ec080021c" objectid="40" type="SLA_THRESHOLD" value="7b776980-e8f1-4532-ae15-6620db706ec4"/>
<objectids-entry key="Default zone¤Web Services¤WSDL¤deba1dc4-39f4-4692-810a-371ec080021c" objectid="41" type="SLA_THRESHOLD" value="55a20943-52e1-42db-a512-c845c9034844"/>
<objectids-entry key="Default zone¤Web Services¤WSDL¤deba1dc4-39f4-4692-810a-371ec080021c" objectid="42" type="SLA_THRESHOLD" value="883d9f3b-b817-4f6e-b6b3-b27a7eadb047"/>
<objectids-entry key="Default zone¤Web Services¤WSDL¤deba1dc4-39f4-4692-810a-371ec080021c" objectid="43" type="SLA_THRESHOLD" value="38e51b01-69bd-4438-bf04-39cfebe5abe4"/>
<objectids-entry key="Default zone¤Web Services¤WSDL¤deba1dc4-39f4-4692-810a-371ec080021c" objectid="44" type="SLA_THRESHOLD" value="62231318-7bd3-420a-a1d4-8f0072160d0f"/>
<objectids-entry key="Default zone¤Web Services¤WSDL¤deba1dc4-39f4-4692-810a-371ec080021c" objectid="45" type="SLA_THRESHOLD" value="d048e9ef-1caf-4cf0-883e-093d194ca97a"/>
<objectids-entry key="Default zone¤Web Services¤WSDL" objectid="46" type="BASIC_LOGICAL_CONTAINER" value="d5ee75b3-2a33-48fd-895a-30a6ee741b8c"/>
<objectids-entry key="Default zone¤Web Services¤WSDL" objectid="47" type="ACTION" value="8903c676-ef22-409d-93fe-6d7018187d48"/>
<objectids-entry key="Default zone¤Web Services¤WSDL¤d5ee75b3-2a33-48fd-895a-30a6ee741b8c" objectid="48" type="SLA_THRESHOLD" value="aa7f2662-54d1-4350-9603-3fa6ae27c536"/>
<objectids-entry key="Default zone¤Web Services¤WSDL¤d5ee75b3-2a33-48fd-895a-30a6ee741b8c" objectid="49" type="SLA_THRESHOLD" value="edf3ea34-0bb3-4c87-846d-1954049a9f32"/>
<objectids-entry key="Default zone¤Web Services¤WSDL¤d5ee75b3-2a33-48fd-895a-30a6ee741b8c" objectid="50" type="SLA_THRESHOLD" value="02c7e326-295b-4485-82e9-c73b283fbe27"/>
<objectids-entry key="Default zone¤Web Services¤WSDL¤d5ee75b3-2a33-48fd-895a-30a6ee741b8c" objectid="51" type="SLA_THRESHOLD" value="e0717409-6b2b-4397-bd09-4c70dccdef45"/>
<objectids-entry key="Default zone¤Web Services¤WSDL¤d5ee75b3-2a33-48fd-895a-30a6ee741b8c" objectid="52" type="SLA_THRESHOLD" value="eb93f0e7-649f-44c7-95a6-0969c8c5c4d4"/>
<objectids-entry key="Default zone¤Web Services¤WSDL¤d5ee75b3-2a33-48fd-895a-30a6ee741b8c" objectid="53" type="SLA_THRESHOLD" value="e85123d0-4bca-4e78-8613-6148edf2a43b"/>
<objectids-entry key="Default zone¤Web Services¤WSDL¤d5ee75b3-2a33-48fd-895a-30a6ee741b8c" objectid="54" type="SLA_THRESHOLD" value="4ef49997-f409-4f86-a7c2-4e2e11b1f829"/>
<objectids-entry key="Default zone¤Web Services¤WSDL¤d5ee75b3-2a33-48fd-895a-30a6ee741b8c" objectid="55" type="SLA_THRESHOLD" value="3aa9f488-ba7f-4244-afdc-149f20e393e7"/>
<objectids-entry key="Default zone¤Web Services¤WSDL¤d5ee75b3-2a33-48fd-895a-30a6ee741b8c" objectid="56" type="SLA_THRESHOLD" value="95a4e089-fa41-4224-9c4a-0a142b9cbb01"/>
<objectids-entry key="Default zone¤Web Services¤WSDL¤d5ee75b3-2a33-48fd-895a-30a6ee741b8c" objectid="57" type="SLA_THRESHOLD" value="7b776980-e8f1-4532-ae15-6620db706ec4"/>
<objectids-entry key="Default zone¤Web Services¤WSDL¤d5ee75b3-2a33-48fd-895a-30a6ee741b8c" objectid="58" type="SLA_THRESHOLD" value="55a20943-52e1-42db-a512-c845c9034844"/>
<objectids-entry key="Default zone¤Web Services¤WSDL¤d5ee75b3-2a33-48fd-895a-30a6ee741b8c" objectid="59" type="SLA_THRESHOLD" value="883d9f3b-b817-4f6e-b6b3-b27a7eadb047"/>
<objectids-entry key="Default zone¤Web Services¤WSDL¤d5ee75b3-2a33-48fd-895a-30a6ee741b8c" objectid="60" type="SLA_THRESHOLD" value="38e51b01-69bd-4438-bf04-39cfebe5abe4"/>
<objectids-entry key="Default zone¤Web Services¤WSDL¤d5ee75b3-2a33-48fd-895a-30a6ee741b8c" objectid="61" type="SLA_THRESHOLD" value="62231318-7bd3-420a-a1d4-8f0072160d0f"/>
<objectids-entry key="Default zone¤Web Services¤WSDL¤d5ee75b3-2a33-48fd-895a-30a6ee741b8c" objectid="62" type="SLA_THRESHOLD" value="d048e9ef-1caf-4cf0-883e-093d194ca97a"/>
<objectids-entry key="Default zone¤Web Services¤WSDL" objectid="63" type="BASIC_LOGICAL_CONTAINER" value="4189c15a-548c-4471-829e-0242eabe3fa6"/>
<objectids-entry key="Default zone¤Web Services¤WSDL" objectid="64" type="ACTION" value="ec823be5-76cd-4a80-8cbb-3829c5b90404"/>
<objectids-entry key="Default zone¤Web Services¤WSDL¤4189c15a-548c-4471-829e-0242eabe3fa6" objectid="65" type="SLA_THRESHOLD" value="aa7f2662-54d1-4350-9603-3fa6ae27c536"/>
<objectids-entry key="Default zone¤Web Services¤WSDL¤4189c15a-548c-4471-829e-0242eabe3fa6" objectid="66" type="SLA_THRESHOLD" value="edf3ea34-0bb3-4c87-846d-1954049a9f32"/>
<objectids-entry key="Default zone¤Web Services¤WSDL¤4189c15a-548c-4471-829e-0242eabe3fa6" objectid="67" type="SLA_THRESHOLD" value="02c7e326-295b-4485-82e9-c73b283fbe27"/>
<objectids-entry key="Default zone¤Web Services¤WSDL¤4189c15a-548c-4471-829e-0242eabe3fa6" objectid="68" type="SLA_THRESHOLD" value="e0717409-6b2b-4397-bd09-4c70dccdef45"/>
<objectids-entry key="Default zone¤Web Services¤WSDL¤4189c15a-548c-4471-829e-0242eabe3fa6" objectid="69" type="SLA_THRESHOLD" value="eb93f0e7-649f-44c7-95a6-0969c8c5c4d4"/>
<objectids-entry key="Default zone¤Web Services¤WSDL¤4189c15a-548c-4471-829e-0242eabe3fa6" objectid="70" type="SLA_THRESHOLD" value="e85123d0-4bca-4e78-8613-6148edf2a43b"/>
<objectids-entry key="Default zone¤Web Services¤WSDL¤4189c15a-548c-4471-829e-0242eabe3fa6" objectid="71" type="SLA_THRESHOLD" value="4ef49997-f409-4f86-a7c2-4e2e11b1f829"/>
<objectids-entry key="Default zone¤Web Services¤WSDL¤4189c15a-548c-4471-829e-0242eabe3fa6" objectid="72" type="SLA_THRESHOLD" value="3aa9f488-ba7f-4244-afdc-149f20e393e7"/>
<objectids-entry key="Default zone¤Web Services¤WSDL¤4189c15a-548c-4471-829e-0242eabe3fa6" objectid="73" type="SLA_THRESHOLD" value="95a4e089-fa41-4224-9c4a-0a142b9cbb01"/>
<objectids-entry key="Default zone¤Web Services¤WSDL¤4189c15a-548c-4471-829e-0242eabe3fa6" objectid="74" type="SLA_THRESHOLD" value="7b776980-e8f1-4532-ae15-6620db706ec4"/>
<objectids-entry key="Default zone¤Web Services¤WSDL¤4189c15a-548c-4471-829e-0242eabe3fa6" objectid="75" type="SLA_THRESHOLD" value="55a20943-52e1-42db-a512-c845c9034844"/>
<objectids-entry key="Default zone¤Web Services¤WSDL¤4189c15a-548c-4471-829e-0242eabe3fa6" objectid="76" type="SLA_THRESHOLD" value="883d9f3b-b817-4f6e-b6b3-b27a7eadb047"/>
<objectids-entry key="Default zone¤Web Services¤WSDL¤4189c15a-548c-4471-829e-0242eabe3fa6" objectid="77" type="SLA_THRESHOLD" value="38e51b01-69bd-4438-bf04-39cfebe5abe4"/>
<objectids-entry key="Default zone¤Web Services¤WSDL¤4189c15a-548c-4471-829e-0242eabe3fa6" objectid="78" type="SLA_THRESHOLD" value="62231318-7bd3-420a-a1d4-8f0072160d0f"/>
<objectids-entry key="Default zone¤Web Services¤WSDL¤4189c15a-548c-4471-829e-0242eabe3fa6" objectid="79" type="SLA_THRESHOLD" value="d048e9ef-1caf-4cf0-883e-093d194ca97a"/>
<objectids-entry key="Default zone¤Web Services¤WSDL" objectid="80" type="BASIC_LOGICAL_CONTAINER" value="5c244137-8137-443e-b907-42b9541fbf2c"/>
<objectids-entry key="Default zone¤Web Services¤WSDL" objectid="81" type="ACTION" value="54128cd2-317e-419b-8b84-fdbea74ff0cd"/>
<objectids-entry key="Default zone¤Web Services¤WSDL¤5c244137-8137-443e-b907-42b9541fbf2c" objectid="82" type="SLA_THRESHOLD" value="aa7f2662-54d1-4350-9603-3fa6ae27c536"/>
<objectids-entry key="Default zone¤Web Services¤WSDL¤5c244137-8137-443e-b907-42b9541fbf2c" objectid="83" type="SLA_THRESHOLD" value="edf3ea34-0bb3-4c87-846d-1954049a9f32"/>
<objectids-entry key="Default zone¤Web Services¤WSDL¤5c244137-8137-443e-b907-42b9541fbf2c" objectid="84" type="SLA_THRESHOLD" value="02c7e326-295b-4485-82e9-c73b283fbe27"/>
<objectids-entry key="Default zone¤Web Services¤WSDL¤5c244137-8137-443e-b907-42b9541fbf2c" objectid="85" type="SLA_THRESHOLD" value="e0717409-6b2b-4397-bd09-4c70dccdef45"/>
<objectids-entry key="Default zone¤Web Services¤WSDL¤5c244137-8137-443e-b907-42b9541fbf2c" objectid="86" type="SLA_THRESHOLD" value="eb93f0e7-649f-44c7-95a6-0969c8c5c4d4"/>
<objectids-entry key="Default zone¤Web Services¤WSDL¤5c244137-8137-443e-b907-42b9541fbf2c" objectid="87" type="SLA_THRESHOLD" value="e85123d0-4bca-4e78-8613-6148edf2a43b"/>
<objectids-entry key="Default zone¤Web Services¤WSDL¤5c244137-8137-443e-b907-42b9541fbf2c" objectid="88" type="SLA_THRESHOLD" value="4ef49997-f409-4f86-a7c2-4e2e11b1f829"/>
<objectids-entry key="Default zone¤Web Services¤WSDL¤5c244137-8137-443e-b907-42b9541fbf2c" objectid="89" type="SLA_THRESHOLD" value="3aa9f488-ba7f-4244-afdc-149f20e393e7"/>
<objectids-entry key="Default zone¤Web Services¤WSDL¤5c244137-8137-443e-b907-42b9541fbf2c" objectid="90" type="SLA_THRESHOLD" value="95a4e089-fa41-4224-9c4a-0a142b9cbb01"/>
<objectids-entry key="Default zone¤Web Services¤WSDL¤5c244137-8137-443e-b907-42b9541fbf2c" objectid="91" type="SLA_THRESHOLD" value="7b776980-e8f1-4532-ae15-6620db706ec4"/>
<objectids-entry key="Default zone¤Web Services¤WSDL¤5c244137-8137-443e-b907-42b9541fbf2c" objectid="92" type="SLA_THRESHOLD" value="55a20943-52e1-42db-a512-c845c9034844"/>
<objectids-entry key="Default zone¤Web Services¤WSDL¤5c244137-8137-443e-b907-42b9541fbf2c" objectid="93" type="SLA_THRESHOLD" value="883d9f3b-b817-4f6e-b6b3-b27a7eadb047"/>
<objectids-entry key="Default zone¤Web Services¤WSDL¤5c244137-8137-443e-b907-42b9541fbf2c" objectid="94" type="SLA_THRESHOLD" value="38e51b01-69bd-4438-bf04-39cfebe5abe4"/>
<objectids-entry key="Default zone¤Web Services¤WSDL¤5c244137-8137-443e-b907-42b9541fbf2c" objectid="95" type="SLA_THRESHOLD" value="62231318-7bd3-420a-a1d4-8f0072160d0f"/>
<objectids-entry key="Default zone¤Web Services¤WSDL¤5c244137-8137-443e-b907-42b9541fbf2c" objectid="96" type="SLA_THRESHOLD" value="d048e9ef-1caf-4cf0-883e-093d194ca97a"/>
<objectids-entry key="Default zone¤Web Services¤WSDL" objectid="97" type="BASIC_LOGICAL_CONTAINER" value="264c22dd-33c0-4cb1-a3b6-dbdfbbb182f1"/>
<objectids-entry key="Default zone¤Web Services¤WSDL" objectid="98" type="ACTION" value="1ba554c9-d188-4233-a06d-688175d9f8ec"/>
<objectids-entry key="Default zone¤Web Services¤WSDL¤264c22dd-33c0-4cb1-a3b6-dbdfbbb182f1" objectid="99" type="SLA_THRESHOLD" value="aa7f2662-54d1-4350-9603-3fa6ae27c536"/>
<objectids-entry key="Default zone¤Web Services¤WSDL¤264c22dd-33c0-4cb1-a3b6-dbdfbbb182f1" objectid="100" type="SLA_THRESHOLD" value="edf3ea34-0bb3-4c87-846d-1954049a9f32"/>
<objectids-entry key="Default zone¤Web Services¤WSDL¤264c22dd-33c0-4cb1-a3b6-dbdfbbb182f1" objectid="101" type="SLA_THRESHOLD" value="02c7e326-295b-4485-82e9-c73b283fbe27"/>
<objectids-entry key="Default zone¤Web Services¤WSDL¤264c22dd-33c0-4cb1-a3b6-dbdfbbb182f1" objectid="102" type="SLA_THRESHOLD" value="e0717409-6b2b-4397-bd09-4c70dccdef45"/>
<objectids-entry key="Default zone¤Web Services¤WSDL¤264c22dd-33c0-4cb1-a3b6-dbdfbbb182f1" objectid="103" type="SLA_THRESHOLD" value="eb93f0e7-649f-44c7-95a6-0969c8c5c4d4"/>
<objectids-entry key="Default zone¤Web Services¤WSDL¤264c22dd-33c0-4cb1-a3b6-dbdfbbb182f1" objectid="104" type="SLA_THRESHOLD" value="e85123d0-4bca-4e78-8613-6148edf2a43b"/>
<objectids-entry key="Default zone¤Web Services¤WSDL¤264c22dd-33c0-4cb1-a3b6-dbdfbbb182f1" objectid="105" type="SLA_THRESHOLD" value="4ef49997-f409-4f86-a7c2-4e2e11b1f829"/>
<objectids-entry key="Default zone¤Web Services¤WSDL¤264c22dd-33c0-4cb1-a3b6-dbdfbbb182f1" objectid="106" type="SLA_THRESHOLD" value="3aa9f488-ba7f-4244-afdc-149f20e393e7"/>
<objectids-entry key="Default zone¤Web Services¤WSDL¤264c22dd-33c0-4cb1-a3b6-dbdfbbb182f1" objectid="107" type="SLA_THRESHOLD" value="95a4e089-fa41-4224-9c4a-0a142b9cbb01"/>
<objectids-entry key="Default zone¤Web Services¤WSDL¤264c22dd-33c0-4cb1-a3b6-dbdfbbb182f1" objectid="108" type="SLA_THRESHOLD" value="7b776980-e8f1-4532-ae15-6620db706ec4"/>
<objectids-entry key="Default zone¤Web Services¤WSDL¤264c22dd-33c0-4cb1-a3b6-dbdfbbb182f1" objectid="109" type="SLA_THRESHOLD" value="55a20943-52e1-42db-a512-c845c9034844"/>
<objectids-entry key="Default zone¤Web Services¤WSDL¤264c22dd-33c0-4cb1-a3b6-dbdfbbb182f1" objectid="110" type="SLA_THRESHOLD" value="883d9f3b-b817-4f6e-b6b3-b27a7eadb047"/>
<objectids-entry key="Default zone¤Web Services¤WSDL¤264c22dd-33c0-4cb1-a3b6-dbdfbbb182f1" objectid="111" type="SLA_THRESHOLD" value="38e51b01-69bd-4438-bf04-39cfebe5abe4"/>
<objectids-entry key="Default zone¤Web Services¤WSDL¤264c22dd-33c0-4cb1-a3b6-dbdfbbb182f1" objectid="112" type="SLA_THRESHOLD" value="62231318-7bd3-420a-a1d4-8f0072160d0f"/>
<objectids-entry key="Default zone¤Web Services¤WSDL¤264c22dd-33c0-4cb1-a3b6-dbdfbbb182f1" objectid="113" type="SLA_THRESHOLD" value="d048e9ef-1caf-4cf0-883e-093d194ca97a"/>
<objectids-entry key="Default zone¤Web Services¤WSDL" objectid="114" type="BASIC_LOGICAL_CONTAINER" value="001cb43c-01a7-4aa0-a15c-13ce49c12104"/>
<objectids-entry key="Default zone¤Web Services¤WSDL" objectid="115" type="ACTION" value="837072c8-79b3-40a9-895f-c5155a11ff4b"/>
<objectids-entry key="Default zone¤Web Services¤WSDL¤001cb43c-01a7-4aa0-a15c-13ce49c12104" objectid="116" type="SLA_THRESHOLD" value="aa7f2662-54d1-4350-9603-3fa6ae27c536"/>
<objectids-entry key="Default zone¤Web Services¤WSDL¤001cb43c-01a7-4aa0-a15c-13ce49c12104" objectid="117" type="SLA_THRESHOLD" value="edf3ea34-0bb3-4c87-846d-1954049a9f32"/>
<objectids-entry key="Default zone¤Web Services¤WSDL¤001cb43c-01a7-4aa0-a15c-13ce49c12104" objectid="118" type="SLA_THRESHOLD" value="02c7e326-295b-4485-82e9-c73b283fbe27"/>
<objectids-entry key="Default zone¤Web Services¤WSDL¤001cb43c-01a7-4aa0-a15c-13ce49c12104" objectid="119" type="SLA_THRESHOLD" value="e0717409-6b2b-4397-bd09-4c70dccdef45"/>
<objectids-entry key="Default zone¤Web Services¤WSDL¤001cb43c-01a7-4aa0-a15c-13ce49c12104" objectid="120" type="SLA_THRESHOLD" value="eb93f0e7-649f-44c7-95a6-0969c8c5c4d4"/>
<objectids-entry key="Default zone¤Web Services¤WSDL¤001cb43c-01a7-4aa0-a15c-13ce49c12104" objectid="121" type="SLA_THRESHOLD" value="e85123d0-4bca-4e78-8613-6148edf2a43b"/>
<objectids-entry key="Default zone¤Web Services¤WSDL¤001cb43c-01a7-4aa0-a15c-13ce49c12104" objectid="122" type="SLA_THRESHOLD" value="4ef49997-f409-4f86-a7c2-4e2e11b1f829"/>
<objectids-entry key="Default zone¤Web Services¤WSDL¤001cb43c-01a7-4aa0-a15c-13ce49c12104" objectid="123" type="SLA_THRESHOLD" value="3aa9f488-ba7f-4244-afdc-149f20e393e7"/>
<objectids-entry key="Default zone¤Web Services¤WSDL¤001cb43c-01a7-4aa0-a15c-13ce49c12104" objectid="124" type="SLA_THRESHOLD" value="95a4e089-fa41-4224-9c4a-0a142b9cbb01"/>
<objectids-entry key="Default zone¤Web Services¤WSDL¤001cb43c-01a7-4aa0-a15c-13ce49c12104" objectid="125" type="SLA_THRESHOLD" value="7b776980-e8f1-4532-ae15-6620db706ec4"/>
<objectids-entry key="Default zone¤Web Services¤WSDL¤001cb43c-01a7-4aa0-a15c-13ce49c12104" objectid="126" type="SLA_THRESHOLD" value="55a20943-52e1-42db-a512-c845c9034844"/>
<objectids-entry key="Default zone¤Web Services¤WSDL¤001cb43c-01a7-4aa0-a15c-13ce49c12104" objectid="127" type="SLA_THRESHOLD" value="883d9f3b-b817-4f6e-b6b3-b27a7eadb047"/>
<objectids-entry key="Default zone¤Web Services¤WSDL¤001cb43c-01a7-4aa0-a15c-13ce49c12104" objectid="128" type="SLA_THRESHOLD" value="38e51b01-69bd-4438-bf04-39cfebe5abe4"/>
<objectids-entry key="Default zone¤Web Services¤WSDL¤001cb43c-01a7-4aa0-a15c-13ce49c12104" objectid="129" type="SLA_THRESHOLD" value="62231318-7bd3-420a-a1d4-8f0072160d0f"/>
<objectids-entry key="Default zone¤Web Services¤WSDL¤001cb43c-01a7-4aa0-a15c-13ce49c12104" objectid="130" type="SLA_THRESHOLD" value="d048e9ef-1caf-4cf0-883e-093d194ca97a"/>
<objectids-entry key="Default zone¤Web Services¤WSDL" objectid="131" type="BASIC_LOGICAL_CONTAINER" value="a31eac62-8749-4493-8acd-c2509602b274"/>
<objectids-entry key="Default zone¤Web Services¤WSDL" objectid="132" type="ACTION" value="e607730c-113c-486e-8da3-f198caf7d12b"/>
<objectids-entry key="Default zone¤Web Services¤WSDL¤a31eac62-8749-4493-8acd-c2509602b274" objectid="133" type="SLA_THRESHOLD" value="aa7f2662-54d1-4350-9603-3fa6ae27c536"/>
<objectids-entry key="Default zone¤Web Services¤WSDL¤a31eac62-8749-4493-8acd-c2509602b274" objectid="134" type="SLA_THRESHOLD" value="edf3ea34-0bb3-4c87-846d-1954049a9f32"/>
<objectids-entry key="Default zone¤Web Services¤WSDL¤a31eac62-8749-4493-8acd-c2509602b274" objectid="135" type="SLA_THRESHOLD" value="02c7e326-295b-4485-82e9-c73b283fbe27"/>
<objectids-entry key="Default zone¤Web Services¤WSDL¤a31eac62-8749-4493-8acd-c2509602b274" objectid="136" type="SLA_THRESHOLD" value="e0717409-6b2b-4397-bd09-4c70dccdef45"/>
<objectids-entry key="Default zone¤Web Services¤WSDL¤a31eac62-8749-4493-8acd-c2509602b274" objectid="137" type="SLA_THRESHOLD" value="eb93f0e7-649f-44c7-95a6-0969c8c5c4d4"/>
<objectids-entry key="Default zone¤Web Services¤WSDL¤a31eac62-8749-4493-8acd-c2509602b274" objectid="138" type="SLA_THRESHOLD" value="e85123d0-4bca-4e78-8613-6148edf2a43b"/>
<objectids-entry key="Default zone¤Web Services¤WSDL¤a31eac62-8749-4493-8acd-c2509602b274" objectid="139" type="SLA_THRESHOLD" value="4ef49997-f409-4f86-a7c2-4e2e11b1f829"/>
<objectids-entry key="Default zone¤Web Services¤WSDL¤a31eac62-8749-4493-8acd-c2509602b274" objectid="140" type="SLA_THRESHOLD" value="3aa9f488-ba7f-4244-afdc-149f20e393e7"/>
<objectids-entry key="Default zone¤Web Services¤WSDL¤a31eac62-8749-4493-8acd-c2509602b274" objectid="141" type="SLA_THRESHOLD" value="95a4e089-fa41-4224-9c4a-0a142b9cbb01"/>
<objectids-entry key="Default zone¤Web Services¤WSDL¤a31eac62-8749-4493-8acd-c2509602b274" objectid="142" type="SLA_THRESHOLD" value="7b776980-e8f1-4532-ae15-6620db706ec4"/>
<objectids-entry key="Default zone¤Web Services¤WSDL¤a31eac62-8749-4493-8acd-c2509602b274" objectid="143" type="SLA_THRESHOLD" value="55a20943-52e1-42db-a512-c845c9034844"/>
<objectids-entry key="Default zone¤Web Services¤WSDL¤a31eac62-8749-4493-8acd-c2509602b274" objectid="144" type="SLA_THRESHOLD" value="883d9f3b-b817-4f6e-b6b3-b27a7eadb047"/>
<objectids-entry key="Default zone¤Web Services¤WSDL¤a31eac62-8749-4493-8acd-c2509602b274" objectid="145" type="SLA_THRESHOLD" value="38e51b01-69bd-4438-bf04-39cfebe5abe4"/>
<objectids-entry key="Default zone¤Web Services¤WSDL¤a31eac62-8749-4493-8acd-c2509602b274" objectid="146" type="SLA_THRESHOLD" value="62231318-7bd3-420a-a1d4-8f0072160d0f"/>
<objectids-entry key="Default zone¤Web Services¤WSDL¤a31eac62-8749-4493-8acd-c2509602b274" objectid="147" type="SLA_THRESHOLD" value="d048e9ef-1caf-4cf0-883e-093d194ca97a"/>
<objectids-entry key="Default zone¤Web Services¤WSDL" objectid="148" type="BASIC_LOGICAL_CONTAINER" value="8c67a62a-72eb-4690-be0e-05950f8698e0"/>
<objectids-entry key="Default zone¤Web Services¤WSDL" objectid="149" type="ACTION" value="54a4137f-19bb-4c41-ac77-7b34d73b8ad3"/>
<objectids-entry key="Default zone¤Web Services¤WSDL¤8c67a62a-72eb-4690-be0e-05950f8698e0" objectid="150" type="SLA_THRESHOLD" value="aa7f2662-54d1-4350-9603-3fa6ae27c536"/>
<objectids-entry key="Default zone¤Web Services¤WSDL¤8c67a62a-72eb-4690-be0e-05950f8698e0" objectid="151" type="SLA_THRESHOLD" value="edf3ea34-0bb3-4c87-846d-1954049a9f32"/>
<objectids-entry key="Default zone¤Web Services¤WSDL¤8c67a62a-72eb-4690-be0e-05950f8698e0" objectid="152" type="SLA_THRESHOLD" value="02c7e326-295b-4485-82e9-c73b283fbe27"/>
<objectids-entry key="Default zone¤Web Services¤WSDL¤8c67a62a-72eb-4690-be0e-05950f8698e0" objectid="153" type="SLA_THRESHOLD" value="e0717409-6b2b-4397-bd09-4c70dccdef45"/>
<objectids-entry key="Default zone¤Web Services¤WSDL¤8c67a62a-72eb-4690-be0e-05950f8698e0" objectid="154" type="SLA_THRESHOLD" value="eb93f0e7-649f-44c7-95a6-0969c8c5c4d4"/>
<objectids-entry key="Default zone¤Web Services¤WSDL¤8c67a62a-72eb-4690-be0e-05950f8698e0" objectid="155" type="SLA_THRESHOLD" value="e85123d0-4bca-4e78-8613-6148edf2a43b"/>
<objectids-entry key="Default zone¤Web Services¤WSDL¤8c67a62a-72eb-4690-be0e-05950f8698e0" objectid="156" type="SLA_THRESHOLD" value="4ef49997-f409-4f86-a7c2-4e2e11b1f829"/>
<objectids-entry key="Default zone¤Web Services¤WSDL¤8c67a62a-72eb-4690-be0e-05950f8698e0" objectid="157" type="SLA_THRESHOLD" value="3aa9f488-ba7f-4244-afdc-149f20e393e7"/>
<objectids-entry key="Default zone¤Web Services¤WSDL¤8c67a62a-72eb-4690-be0e-05950f8698e0" objectid="158" type="SLA_THRESHOLD" value="95a4e089-fa41-4224-9c4a-0a142b9cbb01"/>
<objectids-entry key="Default zone¤Web Services¤WSDL¤8c67a62a-72eb-4690-be0e-05950f8698e0" objectid="159" type="SLA_THRESHOLD" value="7b776980-e8f1-4532-ae15-6620db706ec4"/>
<objectids-entry key="Default zone¤Web Services¤WSDL¤8c67a62a-72eb-4690-be0e-05950f8698e0" objectid="160" type="SLA_THRESHOLD" value="55a20943-52e1-42db-a512-c845c9034844"/>
<objectids-entry key="Default zone¤Web Services¤WSDL¤8c67a62a-72eb-4690-be0e-05950f8698e0" objectid="161" type="SLA_THRESHOLD" value="883d9f3b-b817-4f6e-b6b3-b27a7eadb047"/>
<objectids-entry key="Default zone¤Web Services¤WSDL¤8c67a62a-72eb-4690-be0e-05950f8698e0" objectid="162" type="SLA_THRESHOLD" value="38e51b01-69bd-4438-bf04-39cfebe5abe4"/>
<objectids-entry key="Default zone¤Web Services¤WSDL¤8c67a62a-72eb-4690-be0e-05950f8698e0" objectid="163" type="SLA_THRESHOLD" value="62231318-7bd3-420a-a1d4-8f0072160d0f"/>
<objectids-entry key="Default zone¤Web Services¤WSDL¤8c67a62a-72eb-4690-be0e-05950f8698e0" objectid="164" type="SLA_THRESHOLD" value="d048e9ef-1caf-4cf0-883e-093d194ca97a"/>
<objectids-entry key="Default zone¤Web Services¤WSDL" objectid="165" type="BASIC_LOGICAL_CONTAINER" value="9894326a-c817-4fa0-a602-7616a63c04f3"/>
<objectids-entry key="Default zone¤Web Services¤WSDL" objectid="166" type="ACTION" value="e328875a-0add-4c75-be92-00ce6e061759"/>
<objectids-entry key="Default zone¤Web Services¤WSDL¤9894326a-c817-4fa0-a602-7616a63c04f3" objectid="167" type="SLA_THRESHOLD" value="aa7f2662-54d1-4350-9603-3fa6ae27c536"/>
<objectids-entry key="Default zone¤Web Services¤WSDL¤9894326a-c817-4fa0-a602-7616a63c04f3" objectid="168" type="SLA_THRESHOLD" value="edf3ea34-0bb3-4c87-846d-1954049a9f32"/>
<objectids-entry key="Default zone¤Web Services¤WSDL¤9894326a-c817-4fa0-a602-7616a63c04f3" objectid="169" type="SLA_THRESHOLD" value="02c7e326-295b-4485-82e9-c73b283fbe27"/>
<objectids-entry key="Default zone¤Web Services¤WSDL¤9894326a-c817-4fa0-a602-7616a63c04f3" objectid="170" type="SLA_THRESHOLD" value="e0717409-6b2b-4397-bd09-4c70dccdef45"/>
<objectids-entry key="Default zone¤Web Services¤WSDL¤9894326a-c817-4fa0-a602-7616a63c04f3" objectid="171" type="SLA_THRESHOLD" value="eb93f0e7-649f-44c7-95a6-0969c8c5c4d4"/>
<objectids-entry key="Default zone¤Web Services¤WSDL¤9894326a-c817-4fa0-a602-7616a63c04f3" objectid="172" type="SLA_THRESHOLD" value="e85123d0-4bca-4e78-8613-6148edf2a43b"/>
<objectids-entry key="Default zone¤Web Services¤WSDL¤9894326a-c817-4fa0-a602-7616a63c04f3" objectid="173" type="SLA_THRESHOLD" value="4ef49997-f409-4f86-a7c2-4e2e11b1f829"/>
<objectids-entry key="Default zone¤Web Services¤WSDL¤9894326a-c817-4fa0-a602-7616a63c04f3" objectid="174" type="SLA_THRESHOLD" value="3aa9f488-ba7f-4244-afdc-149f20e393e7"/>
<objectids-entry key="Default zone¤Web Services¤WSDL¤9894326a-c817-4fa0-a602-7616a63c04f3" objectid="175" type="SLA_THRESHOLD" value="95a4e089-fa41-4224-9c4a-0a142b9cbb01"/>
<objectids-entry key="Default zone¤Web Services¤WSDL¤9894326a-c817-4fa0-a602-7616a63c04f3" objectid="176" type="SLA_THRESHOLD" value="7b776980-e8f1-4532-ae15-6620db706ec4"/>
<objectids-entry key="Default zone¤Web Services¤WSDL¤9894326a-c817-4fa0-a602-7616a63c04f3" objectid="177" type="SLA_THRESHOLD" value="55a20943-52e1-42db-a512-c845c9034844"/>
<objectids-entry key="Default zone¤Web Services¤WSDL¤9894326a-c817-4fa0-a602-7616a63c04f3" objectid="178" type="SLA_THRESHOLD" value="883d9f3b-b817-4f6e-b6b3-b27a7eadb047"/>
<objectids-entry key="Default zone¤Web Services¤WSDL¤9894326a-c817-4fa0-a602-7616a63c04f3" objectid="179" type="SLA_THRESHOLD" value="38e51b01-69bd-4438-bf04-39cfebe5abe4"/>
<objectids-entry key="Default zone¤Web Services¤WSDL¤9894326a-c817-4fa0-a602-7616a63c04f3" objectid="180" type="SLA_THRESHOLD" value="62231318-7bd3-420a-a1d4-8f0072160d0f"/>
<objectids-entry key="Default zone¤Web Services¤WSDL¤9894326a-c817-4fa0-a602-7616a63c04f3" objectid="181" type="SLA_THRESHOLD" value="d048e9ef-1caf-4cf0-883e-093d194ca97a"/>
<objectids-entry key="Default zone¤Web Services¤WSDL" objectid="182" type="BASIC_LOGICAL_CONTAINER" value="c499e163-adc0-45d7-b0cb-283187898a07"/>
<objectids-entry key="Default zone¤Web Services¤WSDL" objectid="183" type="ACTION" value="09ff3a16-5250-4041-8507-b98b925bdd75"/>
<objectids-entry key="Default zone¤Web Services¤WSDL¤c499e163-adc0-45d7-b0cb-283187898a07" objectid="184" type="SLA_THRESHOLD" value="aa7f2662-54d1-4350-9603-3fa6ae27c536"/>
<objectids-entry key="Default zone¤Web Services¤WSDL¤c499e163-adc0-45d7-b0cb-283187898a07" objectid="185" type="SLA_THRESHOLD" value="edf3ea34-0bb3-4c87-846d-1954049a9f32"/>
<objectids-entry key="Default zone¤Web Services¤WSDL¤c499e163-adc0-45d7-b0cb-283187898a07" objectid="186" type="SLA_THRESHOLD" value="02c7e326-295b-4485-82e9-c73b283fbe27"/>
<objectids-entry key="Default zone¤Web Services¤WSDL¤c499e163-adc0-45d7-b0cb-283187898a07" objectid="187" type="SLA_THRESHOLD" value="e0717409-6b2b-4397-bd09-4c70dccdef45"/>
<objectids-entry key="Default zone¤Web Services¤WSDL¤c499e163-adc0-45d7-b0cb-283187898a07" objectid="188" type="SLA_THRESHOLD" value="eb93f0e7-649f-44c7-95a6-0969c8c5c4d4"/>
<objectids-entry key="Default zone¤Web Services¤WSDL¤c499e163-adc0-45d7-b0cb-283187898a07" objectid="189" type="SLA_THRESHOLD" value="e85123d0-4bca-4e78-8613-6148edf2a43b"/>
<objectids-entry key="Default zone¤Web Services¤WSDL¤c499e163-adc0-45d7-b0cb-283187898a07" objectid="190" type="SLA_THRESHOLD" value="4ef49997-f409-4f86-a7c2-4e2e11b1f829"/>
<objectids-entry key="Default zone¤Web Services¤WSDL¤c499e163-adc0-45d7-b0cb-283187898a07" objectid="191" type="SLA_THRESHOLD" value="3aa9f488-ba7f-4244-afdc-149f20e393e7"/>
<objectids-entry key="Default zone¤Web Services¤WSDL¤c499e163-adc0-45d7-b0cb-283187898a07" objectid="192" type="SLA_THRESHOLD" value="95a4e089-fa41-4224-9c4a-0a142b9cbb01"/>
<objectids-entry key="Default zone¤Web Services¤WSDL¤c499e163-adc0-45d7-b0cb-283187898a07" objectid="193" type="SLA_THRESHOLD" value="7b776980-e8f1-4532-ae15-6620db706ec4"/>
<objectids-entry key="Default zone¤Web Services¤WSDL¤c499e163-adc0-45d7-b0cb-283187898a07" objectid="194" type="SLA_THRESHOLD" value="55a20943-52e1-42db-a512-c845c9034844"/>
<objectids-entry key="Default zone¤Web Services¤WSDL¤c499e163-adc0-45d7-b0cb-283187898a07" objectid="195" type="SLA_THRESHOLD" value="883d9f3b-b817-4f6e-b6b3-b27a7eadb047"/>
<objectids-entry key="Default zone¤Web Services¤WSDL¤c499e163-adc0-45d7-b0cb-283187898a07" objectid="196" type="SLA_THRESHOLD" value="38e51b01-69bd-4438-bf04-39cfebe5abe4"/>
<objectids-entry key="Default zone¤Web Services¤WSDL¤c499e163-adc0-45d7-b0cb-283187898a07" objectid="197" type="SLA_THRESHOLD" value="62231318-7bd3-420a-a1d4-8f0072160d0f"/>
<objectids-entry key="Default zone¤Web Services¤WSDL¤c499e163-adc0-45d7-b0cb-283187898a07" objectid="198" type="SLA_THRESHOLD" value="d048e9ef-1caf-4cf0-883e-093d194ca97a"/>
<objectids-entry key="Default zone¤Web Services¤WSDL" objectid="199" type="BASIC_LOGICAL_CONTAINER" value="2ad49ae9-a692-4f8c-8675-7d28e7e54a34"/>
<objectids-entry key="Default zone¤Web Services¤WSDL" objectid="200" type="ACTION" value="60668b23-bc75-4516-a8c9-0f44fd8f5eaa"/>
<objectids-entry key="Default zone¤Web Services¤WSDL¤2ad49ae9-a692-4f8c-8675-7d28e7e54a34" objectid="201" type="SLA_THRESHOLD" value="aa7f2662-54d1-4350-9603-3fa6ae27c536"/>
<objectids-entry key="Default zone¤Web Services¤WSDL¤2ad49ae9-a692-4f8c-8675-7d28e7e54a34" objectid="202" type="SLA_THRESHOLD" value="edf3ea34-0bb3-4c87-846d-1954049a9f32"/>
<objectids-entry key="Default zone¤Web Services¤WSDL¤2ad49ae9-a692-4f8c-8675-7d28e7e54a34" objectid="203" type="SLA_THRESHOLD" value="02c7e326-295b-4485-82e9-c73b283fbe27"/>
<objectids-entry key="Default zone¤Web Services¤WSDL¤2ad49ae9-a692-4f8c-8675-7d28e7e54a34" objectid="204" type="SLA_THRESHOLD" value="e0717409-6b2b-4397-bd09-4c70dccdef45"/>
<objectids-entry key="Default zone¤Web Services¤WSDL¤2ad49ae9-a692-4f8c-8675-7d28e7e54a34" objectid="205" type="SLA_THRESHOLD" value="eb93f0e7-649f-44c7-95a6-0969c8c5c4d4"/>
<objectids-entry key="Default zone¤Web Services¤WSDL¤2ad49ae9-a692-4f8c-8675-7d28e7e54a34" objectid="206" type="SLA_THRESHOLD" value="e85123d0-4bca-4e78-8613-6148edf2a43b"/>
<objectids-entry key="Default zone¤Web Services¤WSDL¤2ad49ae9-a692-4f8c-8675-7d28e7e54a34" objectid="207" type="SLA_THRESHOLD" value="4ef49997-f409-4f86-a7c2-4e2e11b1f829"/>
<objectids-entry key="Default zone¤Web Services¤WSDL¤2ad49ae9-a692-4f8c-8675-7d28e7e54a34" objectid="208" type="SLA_THRESHOLD" value="3aa9f488-ba7f-4244-afdc-149f20e393e7"/>
<objectids-entry key="Default zone¤Web Services¤WSDL¤2ad49ae9-a692-4f8c-8675-7d28e7e54a34" objectid="209" type="SLA_THRESHOLD" value="95a4e089-fa41-4224-9c4a-0a142b9cbb01"/>
<objectids-entry key="Default zone¤Web Services¤WSDL¤2ad49ae9-a692-4f8c-8675-7d28e7e54a34" objectid="210" type="SLA_THRESHOLD" value="7b776980-e8f1-4532-ae15-6620db706ec4"/>
<objectids-entry key="Default zone¤Web Services¤WSDL¤2ad49ae9-a692-4f8c-8675-7d28e7e54a34" objectid="211" type="SLA_THRESHOLD" value="55a20943-52e1-42db-a512-c845c9034844"/>
<objectids-entry key="Default zone¤Web Services¤WSDL¤2ad49ae9-a692-4f8c-8675-7d28e7e54a34" objectid="212" type="SLA_THRESHOLD" value="883d9f3b-b817-4f6e-b6b3-b27a7eadb047"/>
<objectids-entry key="Default zone¤Web Services¤WSDL¤2ad49ae9-a692-4f8c-8675-7d28e7e54a34" objectid="213" type="SLA_THRESHOLD" value="38e51b01-69bd-4438-bf04-39cfebe5abe4"/>
<objectids-entry key="Default zone¤Web Services¤WSDL¤2ad49ae9-a692-4f8c-8675-7d28e7e54a34" objectid="214" type="SLA_THRESHOLD" value="62231318-7bd3-420a-a1d4-8f0072160d0f"/>
<objectids-entry key="Default zone¤Web Services¤WSDL¤2ad49ae9-a692-4f8c-8675-7d28e7e54a34" objectid="215" type="SLA_THRESHOLD" value="d048e9ef-1caf-4cf0-883e-093d194ca97a"/>
<objectids-entry key="Default zone¤Web Services¤WSDL" objectid="216" type="BASIC_LOGICAL_CONTAINER" value="f85f6a23-8866-4fcd-aede-ccba5ab6763a"/>
<objectids-entry key="Default zone¤Web Services¤WSDL" objectid="217" type="ACTION" value="ef760e8e-64d7-46bc-accd-de8c681982e4"/>
<objectids-entry key="Default zone¤Web Services¤WSDL¤f85f6a23-8866-4fcd-aede-ccba5ab6763a" objectid="218" type="SLA_THRESHOLD" value="aa7f2662-54d1-4350-9603-3fa6ae27c536"/>
<objectids-entry key="Default zone¤Web Services¤WSDL¤f85f6a23-8866-4fcd-aede-ccba5ab6763a" objectid="219" type="SLA_THRESHOLD" value="edf3ea34-0bb3-4c87-846d-1954049a9f32"/>
<objectids-entry key="Default zone¤Web Services¤WSDL¤f85f6a23-8866-4fcd-aede-ccba5ab6763a" objectid="220" type="SLA_THRESHOLD" value="02c7e326-295b-4485-82e9-c73b283fbe27"/>
<objectids-entry key="Default zone¤Web Services¤WSDL¤f85f6a23-8866-4fcd-aede-ccba5ab6763a" objectid="221" type="SLA_THRESHOLD" value="e0717409-6b2b-4397-bd09-4c70dccdef45"/>
<objectids-entry key="Default zone¤Web Services¤WSDL¤f85f6a23-8866-4fcd-aede-ccba5ab6763a" objectid="222" type="SLA_THRESHOLD" value="eb93f0e7-649f-44c7-95a6-0969c8c5c4d4"/>
<objectids-entry key="Default zone¤Web Services¤WSDL¤f85f6a23-8866-4fcd-aede-ccba5ab6763a" objectid="223" type="SLA_THRESHOLD" value="e85123d0-4bca-4e78-8613-6148edf2a43b"/>
<objectids-entry key="Default zone¤Web Services¤WSDL¤f85f6a23-8866-4fcd-aede-ccba5ab6763a" objectid="224" type="SLA_THRESHOLD" value="4ef49997-f409-4f86-a7c2-4e2e11b1f829"/>
<objectids-entry key="Default zone¤Web Services¤WSDL¤f85f6a23-8866-4fcd-aede-ccba5ab6763a" objectid="225" type="SLA_THRESHOLD" value="3aa9f488-ba7f-4244-afdc-149f20e393e7"/>
<objectids-entry key="Default zone¤Web Services¤WSDL¤f85f6a23-8866-4fcd-aede-ccba5ab6763a" objectid="226" type="SLA_THRESHOLD" value="95a4e089-fa41-4224-9c4a-0a142b9cbb01"/>
<objectids-entry key="Default zone¤Web Services¤WSDL¤f85f6a23-8866-4fcd-aede-ccba5ab6763a" objectid="227" type="SLA_THRESHOLD" value="7b776980-e8f1-4532-ae15-6620db706ec4"/>
<objectids-entry key="Default zone¤Web Services¤WSDL¤f85f6a23-8866-4fcd-aede-ccba5ab6763a" objectid="228" type="SLA_THRESHOLD" value="55a20943-52e1-42db-a512-c845c9034844"/>
<objectids-entry key="Default zone¤Web Services¤WSDL¤f85f6a23-8866-4fcd-aede-ccba5ab6763a" objectid="229" type="SLA_THRESHOLD" value="883d9f3b-b817-4f6e-b6b3-b27a7eadb047"/>
<objectids-entry key="Default zone¤Web Services¤WSDL¤f85f6a23-8866-4fcd-aede-ccba5ab6763a" objectid="230" type="SLA_THRESHOLD" value="38e51b01-69bd-4438-bf04-39cfebe5abe4"/>
<objectids-entry key="Default zone¤Web Services¤WSDL¤f85f6a23-8866-4fcd-aede-ccba5ab6763a" objectid="231" type="SLA_THRESHOLD" value="62231318-7bd3-420a-a1d4-8f0072160d0f"/>
<objectids-entry key="Default zone¤Web Services¤WSDL¤f85f6a23-8866-4fcd-aede-ccba5ab6763a" objectid="232" type="SLA_THRESHOLD" value="d048e9ef-1caf-4cf0-883e-093d194ca97a"/>
<objectids-entry key="Default zone¤Web Services¤WSDL" objectid="233" type="BASIC_LOGICAL_CONTAINER" value="5d73e48c-3665-49b6-ac3e-c1ebd26068de"/>
<objectids-entry key="Default zone¤Web Services¤WSDL" objectid="234" type="ACTION" value="f01d9e2e-05f5-4de2-a901-2e3f7b31bd0d"/>
<objectids-entry key="Default zone¤Web Services¤WSDL¤5d73e48c-3665-49b6-ac3e-c1ebd26068de" objectid="235" type="SLA_THRESHOLD" value="aa7f2662-54d1-4350-9603-3fa6ae27c536"/>
<objectids-entry key="Default zone¤Web Services¤WSDL¤5d73e48c-3665-49b6-ac3e-c1ebd26068de" objectid="236" type="SLA_THRESHOLD" value="edf3ea34-0bb3-4c87-846d-1954049a9f32"/>
<objectids-entry key="Default zone¤Web Services¤WSDL¤5d73e48c-3665-49b6-ac3e-c1ebd26068de" objectid="237" type="SLA_THRESHOLD" value="02c7e326-295b-4485-82e9-c73b283fbe27"/>
<objectids-entry key="Default zone¤Web Services¤WSDL¤5d73e48c-3665-49b6-ac3e-c1ebd26068de" objectid="238" type="SLA_THRESHOLD" value="e0717409-6b2b-4397-bd09-4c70dccdef45"/>
<objectids-entry key="Default zone¤Web Services¤WSDL¤5d73e48c-3665-49b6-ac3e-c1ebd26068de" objectid="239" type="SLA_THRESHOLD" value="eb93f0e7-649f-44c7-95a6-0969c8c5c4d4"/>
<objectids-entry key="Default zone¤Web Services¤WSDL¤5d73e48c-3665-49b6-ac3e-c1ebd26068de" objectid="240" type="SLA_THRESHOLD" value="e85123d0-4bca-4e78-8613-6148edf2a43b"/>
<objectids-entry key="Default zone¤Web Services¤WSDL¤5d73e48c-3665-49b6-ac3e-c1ebd26068de" objectid="241" type="SLA_THRESHOLD" value="4ef49997-f409-4f86-a7c2-4e2e11b1f829"/>
<objectids-entry key="Default zone¤Web Services¤WSDL¤5d73e48c-3665-49b6-ac3e-c1ebd26068de" objectid="242" type="SLA_THRESHOLD" value="3aa9f488-ba7f-4244-afdc-149f20e393e7"/>
<objectids-entry key="Default zone¤Web Services¤WSDL¤5d73e48c-3665-49b6-ac3e-c1ebd26068de" objectid="243" type="SLA_THRESHOLD" value="95a4e089-fa41-4224-9c4a-0a142b9cbb01"/>
<objectids-entry key="Default zone¤Web Services¤WSDL¤5d73e48c-3665-49b6-ac3e-c1ebd26068de" objectid="244" type="SLA_THRESHOLD" value="7b776980-e8f1-4532-ae15-6620db706ec4"/>
<objectids-entry key="Default zone¤Web Services¤WSDL¤5d73e48c-3665-49b6-ac3e-c1ebd26068de" objectid="245" type="SLA_THRESHOLD" value="55a20943-52e1-42db-a512-c845c9034844"/>
<objectids-entry key="Default zone¤Web Services¤WSDL¤5d73e48c-3665-49b6-ac3e-c1ebd26068de" objectid="246" type="SLA_THRESHOLD" value="883d9f3b-b817-4f6e-b6b3-b27a7eadb047"/>
<objectids-entry key="Default zone¤Web Services¤WSDL¤5d73e48c-3665-49b6-ac3e-c1ebd26068de" objectid="247" type="SLA_THRESHOLD" value="38e51b01-69bd-4438-bf04-39cfebe5abe4"/>
<objectids-entry key="Default zone¤Web Services¤WSDL¤5d73e48c-3665-49b6-ac3e-c1ebd26068de" objectid="248" type="SLA_THRESHOLD" value="62231318-7bd3-420a-a1d4-8f0072160d0f"/>
<objectids-entry key="Default zone¤Web Services¤WSDL¤5d73e48c-3665-49b6-ac3e-c1ebd26068de" objectid="249" type="SLA_THRESHOLD" value="d048e9ef-1caf-4cf0-883e-093d194ca97a"/>
<objectids-entry key="Default zone¤Web Services¤WSDL" objectid="250" type="BASIC_LOGICAL_CONTAINER" value="a3a03d6e-fe73-49be-86d0-379742f8eb52"/>
<objectids-entry key="Default zone¤Web Services¤WSDL" objectid="251" type="ACTION" value="3aa340c6-8f4a-4b8d-bc0c-3e423081d135"/>
<objectids-entry key="Default zone¤Web Services¤WSDL¤a3a03d6e-fe73-49be-86d0-379742f8eb52" objectid="252" type="SLA_THRESHOLD" value="aa7f2662-54d1-4350-9603-3fa6ae27c536"/>
<objectids-entry key="Default zone¤Web Services¤WSDL¤a3a03d6e-fe73-49be-86d0-379742f8eb52" objectid="253" type="SLA_THRESHOLD" value="edf3ea34-0bb3-4c87-846d-1954049a9f32"/>
<objectids-entry key="Default zone¤Web Services¤WSDL¤a3a03d6e-fe73-49be-86d0-379742f8eb52" objectid="254" type="SLA_THRESHOLD" value="02c7e326-295b-4485-82e9-c73b283fbe27"/>
<objectids-entry key="Default zone¤Web Services¤WSDL¤a3a03d6e-fe73-49be-86d0-379742f8eb52" objectid="255" type="SLA_THRESHOLD" value="e0717409-6b2b-4397-bd09-4c70dccdef45"/>
<objectids-entry key="Default zone¤Web Services¤WSDL¤a3a03d6e-fe73-49be-86d0-379742f8eb52" objectid="256" type="SLA_THRESHOLD" value="eb93f0e7-649f-44c7-95a6-0969c8c5c4d4"/>
<objectids-entry key="Default zone¤Web Services¤WSDL¤a3a03d6e-fe73-49be-86d0-379742f8eb52" objectid="257" type="SLA_THRESHOLD" value="e85123d0-4bca-4e78-8613-6148edf2a43b"/>
<objectids-entry key="Default zone¤Web Services¤WSDL¤a3a03d6e-fe73-49be-86d0-379742f8eb52" objectid="258" type="SLA_THRESHOLD" value="4ef49997-f409-4f86-a7c2-4e2e11b1f829"/>
<objectids-entry key="Default zone¤Web Services¤WSDL¤a3a03d6e-fe73-49be-86d0-379742f8eb52" objectid="259" type="SLA_THRESHOLD" value="3aa9f488-ba7f-4244-afdc-149f20e393e7"/>
<objectids-entry key="Default zone¤Web Services¤WSDL¤a3a03d6e-fe73-49be-86d0-379742f8eb52" objectid="260" type="SLA_THRESHOLD" value="95a4e089-fa41-4224-9c4a-0a142b9cbb01"/>
<objectids-entry key="Default zone¤Web Services¤WSDL¤a3a03d6e-fe73-49be-86d0-379742f8eb52" objectid="261" type="SLA_THRESHOLD" value="7b776980-e8f1-4532-ae15-6620db706ec4"/>
<objectids-entry key="Default zone¤Web Services¤WSDL¤a3a03d6e-fe73-49be-86d0-379742f8eb52" objectid="262" type="SLA_THRESHOLD" value="55a20943-52e1-42db-a512-c845c9034844"/>
<objectids-entry key="Default zone¤Web Services¤WSDL¤a3a03d6e-fe73-49be-86d0-379742f8eb52" objectid="263" type="SLA_THRESHOLD" value="883d9f3b-b817-4f6e-b6b3-b27a7eadb047"/>
<objectids-entry key="Default zone¤Web Services¤WSDL¤a3a03d6e-fe73-49be-86d0-379742f8eb52" objectid="264" type="SLA_THRESHOLD" value="38e51b01-69bd-4438-bf04-39cfebe5abe4"/>
<objectids-entry key="Default zone¤Web Services¤WSDL¤a3a03d6e-fe73-49be-86d0-379742f8eb52" objectid="265" type="SLA_THRESHOLD" value="62231318-7bd3-420a-a1d4-8f0072160d0f"/>
<objectids-entry key="Default zone¤Web Services¤WSDL¤a3a03d6e-fe73-49be-86d0-379742f8eb52" objectid="266" type="SLA_THRESHOLD" value="d048e9ef-1caf-4cf0-883e-093d194ca97a"/>
<objectids-entry key="Default zone¤Web Services¤WSDL¤d7886bd9-83c4-4e83-8917-bee7c4fbdcdc" objectid="267" type="SLA_THRESHOLD" value="aa7f2662-54d1-4350-9603-3fa6ae27c536"/>
<objectids-entry key="Default zone¤Web Services¤WSDL¤d7886bd9-83c4-4e83-8917-bee7c4fbdcdc" objectid="268" type="SLA_THRESHOLD" value="edf3ea34-0bb3-4c87-846d-1954049a9f32"/>
<objectids-entry key="Default zone¤Web Services¤WSDL¤d7886bd9-83c4-4e83-8917-bee7c4fbdcdc" objectid="269" type="SLA_THRESHOLD" value="02c7e326-295b-4485-82e9-c73b283fbe27"/>
<objectids-entry key="Default zone¤Web Services¤WSDL¤d7886bd9-83c4-4e83-8917-bee7c4fbdcdc" objectid="270" type="SLA_THRESHOLD" value="e0717409-6b2b-4397-bd09-4c70dccdef45"/>
<objectids-entry key="Default zone¤Web Services¤WSDL¤d7886bd9-83c4-4e83-8917-bee7c4fbdcdc" objectid="271" type="SLA_THRESHOLD" value="eb93f0e7-649f-44c7-95a6-0969c8c5c4d4"/>
<objectids-entry key="Default zone¤Web Services¤WSDL¤d7886bd9-83c4-4e83-8917-bee7c4fbdcdc" objectid="272" type="SLA_THRESHOLD" value="e85123d0-4bca-4e78-8613-6148edf2a43b"/>
<objectids-entry key="Default zone¤Web Services¤WSDL¤d7886bd9-83c4-4e83-8917-bee7c4fbdcdc" objectid="273" type="SLA_THRESHOLD" value="4ef49997-f409-4f86-a7c2-4e2e11b1f829"/>
<objectids-entry key="Default zone¤Web Services¤WSDL¤d7886bd9-83c4-4e83-8917-bee7c4fbdcdc" objectid="274" type="SLA_THRESHOLD" value="3aa9f488-ba7f-4244-afdc-149f20e393e7"/>
<objectids-entry key="Default zone¤Web Services¤WSDL¤d7886bd9-83c4-4e83-8917-bee7c4fbdcdc" objectid="275" type="SLA_THRESHOLD" value="95a4e089-fa41-4224-9c4a-0a142b9cbb01"/>
<objectids-entry key="Default zone¤Web Services¤WSDL¤d7886bd9-83c4-4e83-8917-bee7c4fbdcdc" objectid="276" type="SLA_THRESHOLD" value="7b776980-e8f1-4532-ae15-6620db706ec4"/>
<objectids-entry key="Default zone¤Web Services¤WSDL¤d7886bd9-83c4-4e83-8917-bee7c4fbdcdc" objectid="277" type="SLA_THRESHOLD" value="55a20943-52e1-42db-a512-c845c9034844"/>
<objectids-entry key="Default zone¤Web Services¤WSDL¤d7886bd9-83c4-4e83-8917-bee7c4fbdcdc" objectid="278" type="SLA_THRESHOLD" value="883d9f3b-b817-4f6e-b6b3-b27a7eadb047"/>
<objectids-entry key="Default zone¤Web Services¤WSDL¤d7886bd9-83c4-4e83-8917-bee7c4fbdcdc" objectid="279" type="SLA_THRESHOLD" value="38e51b01-69bd-4438-bf04-39cfebe5abe4"/>
<objectids-entry key="Default zone¤Web Services¤WSDL¤d7886bd9-83c4-4e83-8917-bee7c4fbdcdc" objectid="280" type="SLA_THRESHOLD" value="62231318-7bd3-420a-a1d4-8f0072160d0f"/>
<objectids-entry key="Default zone¤Web Services¤WSDL¤d7886bd9-83c4-4e83-8917-bee7c4fbdcdc" objectid="281" type="SLA_THRESHOLD" value="d048e9ef-1caf-4cf0-883e-093d194ca97a"/>
<objectids-entry key="Default zone¤Web Services¤WSDL¤$parent=WSDL;$index=1" objectid="282" type="SLA_THRESHOLD" value="aa7f2662-54d1-4350-9603-3fa6ae27c536"/>
<objectids-entry key="Default zone¤Web Services¤WSDL¤$parent=WSDL;$index=1" objectid="283" type="SLA_THRESHOLD" value="edf3ea34-0bb3-4c87-846d-1954049a9f32"/>
<objectids-entry key="Default zone¤Web Services¤WSDL¤$parent=WSDL;$index=1" objectid="284" type="SLA_THRESHOLD" value="02c7e326-295b-4485-82e9-c73b283fbe27"/>
<objectids-entry key="Default zone¤Web Services¤WSDL¤$parent=WSDL;$index=1" objectid="285" type="SLA_THRESHOLD" value="e0717409-6b2b-4397-bd09-4c70dccdef45"/>
<objectids-entry key="Default zone¤Web Services¤WSDL¤$parent=WSDL;$index=1" objectid="286" type="SLA_THRESHOLD" value="eb93f0e7-649f-44c7-95a6-0969c8c5c4d4"/>
<objectids-entry key="Default zone¤Web Services¤WSDL¤$parent=WSDL;$index=1" objectid="287" type="SLA_THRESHOLD" value="e85123d0-4bca-4e78-8613-6148edf2a43b"/>
<objectids-entry key="Default zone¤Web Services¤WSDL¤$parent=WSDL;$index=1" objectid="288" type="SLA_THRESHOLD" value="4ef49997-f409-4f86-a7c2-4e2e11b1f829"/>
<objectids-entry key="Default zone¤Web Services¤WSDL¤$parent=WSDL;$index=1" objectid="289" type="SLA_THRESHOLD" value="3aa9f488-ba7f-4244-afdc-149f20e393e7"/>
<objectids-entry key="Default zone¤Web Services¤WSDL¤$parent=WSDL;$index=1" objectid="290" type="SLA_THRESHOLD" value="95a4e089-fa41-4224-9c4a-0a142b9cbb01"/>
<objectids-entry key="Default zone¤Web Services¤WSDL¤$parent=WSDL;$index=1" objectid="291" type="SLA_THRESHOLD" value="7b776980-e8f1-4532-ae15-6620db706ec4"/>
<objectids-entry key="Default zone¤Web Services¤WSDL¤$parent=WSDL;$index=1" objectid="292" type="SLA_THRESHOLD" value="55a20943-52e1-42db-a512-c845c9034844"/>
<objectids-entry key="Default zone¤Web Services¤WSDL¤$parent=WSDL;$index=1" objectid="293" type="SLA_THRESHOLD" value="883d9f3b-b817-4f6e-b6b3-b27a7eadb047"/>
<objectids-entry key="Default zone¤Web Services¤WSDL¤$parent=WSDL;$index=1" objectid="294" type="SLA_THRESHOLD" value="38e51b01-69bd-4438-bf04-39cfebe5abe4"/>
<objectids-entry key="Default zone¤Web Services¤WSDL¤$parent=WSDL;$index=1" objectid="295" type="SLA_THRESHOLD" value="62231318-7bd3-420a-a1d4-8f0072160d0f"/>
<objectids-entry key="Default zone¤Web Services¤WSDL¤$parent=WSDL;$index=1" objectid="296" type="SLA_THRESHOLD" value="d048e9ef-1caf-4cf0-883e-093d194ca97a"/>
<objectids-entry key="Default zone¤Web Services¤WSDL" objectid="297" type="BASIC_LOGICAL_CONTAINER" value="$parent=WSDL;$index=2"/>
<objectids-entry key="¤¤" objectid="298" type="MONITORED_HOST" value="NeoLoad"/>
<objectids-entry key="¤¤" objectid="299" type="MONITORCONNECTION" value="NeoLoad$NeoLoad"/>
<objectids-entry key="¤¤" objectid="300" type="MONITOR" value="NeoLoad$NeoLoad$UserLoad"/>
<objectids-entry key="¤¤" objectid="301" type="MONITOR" value="NeoLoad$NeoLoad$throughput"/>
<objectids-entry key="¤¤" objectid="302" type="MONITOR" value="NeoLoad$NeoLoad$Alerts"/>
<objectids-entry key="¤¤" objectid="303" type="MONITOR" value="NeoLoad$NeoLoad$CriticalAlerts"/>
<objectids-entry key="¤¤" objectid="304" type="MONITOR" value="NeoLoad$NeoLoad$WarningAlerts"/>
<objectids-entry key="¤¤" objectid="305" type="MONITOR" value="NeoLoad$NeoLoad$cpu"/>
<objectids-entry key="¤¤" objectid="306" type="THRESHOLD" value="NeoLoad$NeoLoad$20e9a133-3321-467e-a41a-cfa22b8b1fcc"/>
<objectids-entry key="¤¤" objectid="307" type="MONITOR" value="NeoLoad$NeoLoad$memory"/>
<objectids-entry key="¤¤" objectid="308" type="THRESHOLD" value="NeoLoad$NeoLoad$855544fe-5183-4c2c-9379-9ed5c432d799"/>
<objectids-entry key="¤¤" objectid="309" type="MONITOR" value="NeoLoad$NeoLoad$threadcount"/>
<objectids-entry key="¤¤" objectid="310" type="MONITOR" value="NeoLoad$NeoLoad$connectedlg"/>
<objectids-entry key="¤¤" objectid="311" type="MONITOR" value="NeoLoad$NeoLoad$totallgdisconnections"/>
<objectids-entry key="¤¤" objectid="312" type="THRESHOLD" value="NeoLoad$NeoLoad$b9a21e45-1244-41c5-9f08-e9e71439221f"/>
<objectids-entry key="¤¤" objectid="313" type="MONITOR" value="NeoLoad$NeoLoad$totallgreconnections"/>
<objectids-entry key="¤¤" objectid="314" type="MONITOR" value="NeoLoad$NeoLoad$otcp.NeoLoad"/>
<objectids-entry key="¤¤" objectid="315" type="MONITOR" value="NeoLoad$NeoLoad$tcp.NeoLoad"/>
<objectids-entry key="¤¤" objectid="316" type="MONITOR" value="NeoLoad$NeoLoad$ibytesperinterface~NeoLoad~wlan1"/>
<objectids-entry key="¤¤" objectid="317" type="MONITOR" value="NeoLoad$NeoLoad$obytesperinterface~NeoLoad~wlan1"/>
<objectids-entry key="¤¤" objectid="318" type="MONITOR" value="NeoLoad$NeoLoad$ibytesperinterface~NeoLoad~wlan0"/>
<objectids-entry key="¤¤" objectid="319" type="MONITOR" value="NeoLoad$NeoLoad$obytesperinterface~NeoLoad~wlan0"/>
<objectids-entry key="¤¤" objectid="320" type="MONITOR" value="NeoLoad$NeoLoad$ibytesperinterface~NeoLoad~eth3"/>
<objectids-entry key="¤¤" objectid="321" type="MONITOR" value="NeoLoad$NeoLoad$obytesperinterface~NeoLoad~eth3"/>
<objectids-entry key="¤¤" objectid="322" type="MONITOR" value="NeoLoad$NeoLoad$ibytesperinterface~NeoLoad~eth1"/>
<objectids-entry key="¤¤" objectid="323" type="MONITOR" value="NeoLoad$NeoLoad$obytesperinterface~NeoLoad~eth1"/>
<objectids-entry key="¤¤" objectid="324" type="MONITOR" value="NeoLoad$NeoLoad$zoneuserload~Default zone"/>
<objectids-entry key="¤¤" objectid="325" type="MONITORED_HOST" value="LG localhost:7100"/>
<objectids-entry key="¤¤" objectid="326" type="MONITORCONNECTION" value="LG localhost:7100$NeoLoad"/>
<objectids-entry key="¤¤" objectid="327" type="MONITOR" value="LG localhost:7100$NeoLoad$lgcpu.localhost:7100"/>
<objectids-entry key="¤¤" objectid="328" type="THRESHOLD" value="LG localhost:7100$NeoLoad$0a0bd847-a4de-49c7-bc11-fd685f299ad8"/>
<objectids-entry key="¤¤" objectid="329" type="MONITOR" value="LG localhost:7100$NeoLoad$lgmemory.localhost:7100"/>
<objectids-entry key="¤¤" objectid="330" type="THRESHOLD" value="LG localhost:7100$NeoLoad$666c96db-88c4-47b7-b880-de38df590c89"/>
<objectids-entry key="¤¤" objectid="331" type="MONITOR" value="LG localhost:7100$NeoLoad$lgthroughput.localhost:7100"/>
<objectids-entry key="¤¤" objectid="332" type="MONITOR" value="LG localhost:7100$NeoLoad$lguserloadperpopulation~localhost:7100"/>
<objectids-entry key="¤¤" objectid="333" type="MONITOR" value="LG localhost:7100$NeoLoad$lgthreadcount.localhost:7100"/>
<objectids-entry key="¤¤" objectid="334" type="MONITOR" value="LG localhost:7100$NeoLoad$lg.jetty.httpclient.threadpool.used.localhost:7100"/>
<objectids-entry key="¤¤" objectid="335" type="MONITOR" value="LG localhost:7100$NeoLoad$lg.jetty.httpclient.taskpool.used.localhost:7100"/>
<objectids-entry key="¤¤" objectid="336" type="THRESHOLD" value="LG localhost:7100$NeoLoad$5dabbe86-174f-4fa6-9107-e2fa670d4c87"/>
<objectids-entry key="¤¤" objectid="337" type="MONITOR" value="LG localhost:7100$NeoLoad$lgdisconnections.localhost:7100"/>
<objectids-entry key="¤¤" objectid="338" type="MONITOR" value="LG localhost:7100$NeoLoad$lgreconnections.localhost:7100"/>
<objectids-entry key="¤¤" objectid="339" type="MONITOR" value="LG localhost:7100$NeoLoad$lgping.localhost:7100"/>
<objectids-entry key="¤¤" objectid="340" type="MONITOR" value="LG localhost:7100$NeoLoad$lgotcp.localhost:7100"/>
<objectids-entry key="¤¤" objectid="341" type="MONITOR" value="LG localhost:7100$NeoLoad$lgtcp.localhost:7100"/>
<objectids-entry key="¤¤" objectid="342" type="MONITOR" value="LG localhost:7100$NeoLoad$lgibytesperinterface~localhost:7100~wlan1"/>
<objectids-entry key="¤¤" objectid="343" type="MONITOR" value="LG localhost:7100$NeoLoad$lgobytesperinterface~localhost:7100~wlan1"/>
<objectids-entry key="¤¤" objectid="344" type="MONITOR" value="LG localhost:7100$NeoLoad$lgibytesperinterface~localhost:7100~wlan0"/>
<objectids-entry key="¤¤" objectid="345" type="MONITOR" value="LG localhost:7100$NeoLoad$lgobytesperinterface~localhost:7100~wlan0"/>
<objectids-entry key="¤¤" objectid="346" type="MONITOR" value="LG localhost:7100$NeoLoad$lgibytesperinterface~localhost:7100~eth3"/>
<objectids-entry key="¤¤" objectid="347" type="MONITOR" value="LG localhost:7100$NeoLoad$lgobytesperinterface~localhost:7100~eth3"/>
<objectids-entry key="¤¤" objectid="348" type="MONITOR" value="LG localhost:7100$NeoLoad$lgibytesperinterface~localhost:7100~eth1"/>
<objectids-entry key="¤¤" objectid="349" type="MONITOR" value="LG localhost:7100$NeoLoad$lgobytesperinterface~localhost:7100~eth1"/>
<objectids-entry key="¤¤" objectid="350" type="MONITOR" value="LG localhost:7100$NeoLoad$lguserloadperpopulation~localhost:7100~Test Start"/>
<objectids-entry key="¤¤" objectid="351" type="MONITOR" value="LG localhost:7100$NeoLoad$lguserloadperpopulation~localhost:7100~Test Start~AppD - Test Start"/>
<objectids-entry key="¤¤" objectid="352" type="MONITOR" value="LG localhost:7100$NeoLoad$lguserloadperpopulation~localhost:7100~Test Stop"/>
<objectids-entry key="¤¤" objectid="353" type="MONITOR" value="LG localhost:7100$NeoLoad$lguserloadperpopulation~localhost:7100~Test Stop~AppD - Test Stop"/>
<objectids-entry key="¤¤" objectid="354" type="MONITOR" value="LG localhost:7100$NeoLoad$lguserloadperpopulation~localhost:7100~Web Services"/>
<objectids-entry key="¤¤" objectid="355" type="MONITOR" value="LG localhost:7100$NeoLoad$lguserloadperpopulation~localhost:7100~Web Services~WSDL"/>
</objectids-table>
<!--****** DURATION ******-->
<duration value="600091"/>
<!--****** AGGREGATION PERIOD ******-->
<aggregation-period value="5000"/>
<!--****** EXTENDED STATISTICS ******-->
<truncated-mean centered-interval="true" percentage="90"/>
<percentile percentage="50"/>
</project>
