
	<!DOCTYPE project [
		<!ELEMENT project (objectids-table | current-scenario | duration | aggregation-period | truncated-mean | percentile)* >
	
		<!ELEMENT objectids-table (objectids-entry)* >
		<!ELEMENT objectids-entry (#PCDATA)>
		<!ELEMENT duration (#PCDATA)>
		<!ELEMENT truncated-mean (#PCDATA)>
		<!ELEMENT percentile (#PCDATA)>
		<!ELEMENT aggregation-period (#PCDATA)>
		<!ELEMENT current-scenario (#PCDATA)>
		<!ATTLIST duration
		    value CDATA #REQUIRED>
	    <!ATTLIST aggregation-period
		    value CDATA #REQUIRED>
		<!ATTLIST objectids-entry
		    objectid CDATA #REQUIRED
		    type CDATA #REQUIRED
		    value CDATA #REQUIRED
		    key CDATA #REQUIRED>
		<!ATTLIST truncated-mean
		    centered-interval CDATA #REQUIRED
		    percentage CDATA #REQUIRED>
		 <!ATTLIST percentile
		    percentage CDATA #REQUIRED>
	]>


<!--****** RUNTIME PROJECT ******--><project>
<!--****** CURRENT SCENARIO ******-->
<current-scenario>WebServices</current-scenario>
<!--****** OBJECTIDS ******-->
<objectids-table>
<objectids-entry key="" objectid="0" type="LG_HOST" value="localhost:7100"/>
<objectids-entry key="" objectid="1" type="ZONE" value="Default zone"/>
<objectids-entry key="Default zone¤Web Services¤" objectid="2" type="POPULATION" value="Web Services"/>
<objectids-entry key="Default zone¤Web Services¤WSDL" objectid="3" type="VIRTUAL_USER" value="WSDL"/>
<objectids-entry key="Default zone¤Web Services¤WSDL" objectid="4" type="BASIC_LOGICAL_CONTAINER" value="$parent=WSDL;$index=0"/>
<objectids-entry key="Default zone¤Web Services¤WSDL" objectid="5" type="BASIC_LOGICAL_CONTAINER" value="$parent=WSDL;$index=1"/>
<objectids-entry key="Default zone¤Web Services¤WSDL" objectid="6" type="BASIC_LOGICAL_CONTAINER" value="d7886bd9-83c4-4e83-8917-bee7c4fbdcdc"/>
<objectids-entry key="Default zone¤Web Services¤WSDL" objectid="7" type="ACTION" value="1b7bf81f-dea6-4161-9a8e-723f66f17642"/>
<objectids-entry key="Default zone¤Web Services¤WSDL" objectid="8" type="BASIC_LOGICAL_CONTAINER" value="bfe0662a-7b67-4efa-bb6f-70e5eaef1c30"/>
<objectids-entry key="Default zone¤Web Services¤WSDL" objectid="9" type="BASIC_LOGICAL_CONTAINER" value="deba1dc4-39f4-4692-810a-371ec080021c"/>
<objectids-entry key="Default zone¤Web Services¤WSDL" objectid="10" type="ACTION" value="517d9d8d-96da-4488-8a3e-1a57c1eb63e4"/>
<objectids-entry key="Default zone¤Web Services¤WSDL¤deba1dc4-39f4-4692-810a-371ec080021c" objectid="11" type="SLA_THRESHOLD" value="aa7f2662-54d1-4350-9603-3fa6ae27c536"/>
<objectids-entry key="Default zone¤Web Services¤WSDL¤deba1dc4-39f4-4692-810a-371ec080021c" objectid="12" type="SLA_THRESHOLD" value="edf3ea34-0bb3-4c87-846d-1954049a9f32"/>
<objectids-entry key="Default zone¤Web Services¤WSDL¤deba1dc4-39f4-4692-810a-371ec080021c" objectid="13" type="SLA_THRESHOLD" value="02c7e326-295b-4485-82e9-c73b283fbe27"/>
<objectids-entry key="Default zone¤Web Services¤WSDL¤deba1dc4-39f4-4692-810a-371ec080021c" objectid="14" type="SLA_THRESHOLD" value="e0717409-6b2b-4397-bd09-4c70dccdef45"/>
<objectids-entry key="Default zone¤Web Services¤WSDL¤deba1dc4-39f4-4692-810a-371ec080021c" objectid="15" type="SLA_THRESHOLD" value="eb93f0e7-649f-44c7-95a6-0969c8c5c4d4"/>
<objectids-entry key="Default zone¤Web Services¤WSDL¤deba1dc4-39f4-4692-810a-371ec080021c" objectid="16" type="SLA_THRESHOLD" value="e85123d0-4bca-4e78-8613-6148edf2a43b"/>
<objectids-entry key="Default zone¤Web Services¤WSDL¤deba1dc4-39f4-4692-810a-371ec080021c" objectid="17" type="SLA_THRESHOLD" value="4ef49997-f409-4f86-a7c2-4e2e11b1f829"/>
<objectids-entry key="Default zone¤Web Services¤WSDL¤deba1dc4-39f4-4692-810a-371ec080021c" objectid="18" type="SLA_THRESHOLD" value="3aa9f488-ba7f-4244-afdc-149f20e393e7"/>
<objectids-entry key="Default zone¤Web Services¤WSDL¤deba1dc4-39f4-4692-810a-371ec080021c" objectid="19" type="SLA_THRESHOLD" value="95a4e089-fa41-4224-9c4a-0a142b9cbb01"/>
<objectids-entry key="Default zone¤Web Services¤WSDL¤deba1dc4-39f4-4692-810a-371ec080021c" objectid="20" type="SLA_THRESHOLD" value="7b776980-e8f1-4532-ae15-6620db706ec4"/>
<objectids-entry key="Default zone¤Web Services¤WSDL¤deba1dc4-39f4-4692-810a-371ec080021c" objectid="21" type="SLA_THRESHOLD" value="55a20943-52e1-42db-a512-c845c9034844"/>
<objectids-entry key="Default zone¤Web Services¤WSDL¤deba1dc4-39f4-4692-810a-371ec080021c" objectid="22" type="SLA_THRESHOLD" value="883d9f3b-b817-4f6e-b6b3-b27a7eadb047"/>
<objectids-entry key="Default zone¤Web Services¤WSDL¤deba1dc4-39f4-4692-810a-371ec080021c" objectid="23" type="SLA_THRESHOLD" value="38e51b01-69bd-4438-bf04-39cfebe5abe4"/>
<objectids-entry key="Default zone¤Web Services¤WSDL¤deba1dc4-39f4-4692-810a-371ec080021c" objectid="24" type="SLA_THRESHOLD" value="62231318-7bd3-420a-a1d4-8f0072160d0f"/>
<objectids-entry key="Default zone¤Web Services¤WSDL¤deba1dc4-39f4-4692-810a-371ec080021c" objectid="25" type="SLA_THRESHOLD" value="d048e9ef-1caf-4cf0-883e-093d194ca97a"/>
<objectids-entry key="Default zone¤Web Services¤WSDL" objectid="26" type="BASIC_LOGICAL_CONTAINER" value="d5ee75b3-2a33-48fd-895a-30a6ee741b8c"/>
<objectids-entry key="Default zone¤Web Services¤WSDL" objectid="27" type="ACTION" value="8903c676-ef22-409d-93fe-6d7018187d48"/>
<objectids-entry key="Default zone¤Web Services¤WSDL¤d5ee75b3-2a33-48fd-895a-30a6ee741b8c" objectid="28" type="SLA_THRESHOLD" value="aa7f2662-54d1-4350-9603-3fa6ae27c536"/>
<objectids-entry key="Default zone¤Web Services¤WSDL¤d5ee75b3-2a33-48fd-895a-30a6ee741b8c" objectid="29" type="SLA_THRESHOLD" value="edf3ea34-0bb3-4c87-846d-1954049a9f32"/>
<objectids-entry key="Default zone¤Web Services¤WSDL¤d5ee75b3-2a33-48fd-895a-30a6ee741b8c" objectid="30" type="SLA_THRESHOLD" value="02c7e326-295b-4485-82e9-c73b283fbe27"/>
<objectids-entry key="Default zone¤Web Services¤WSDL¤d5ee75b3-2a33-48fd-895a-30a6ee741b8c" objectid="31" type="SLA_THRESHOLD" value="e0717409-6b2b-4397-bd09-4c70dccdef45"/>
<objectids-entry key="Default zone¤Web Services¤WSDL¤d5ee75b3-2a33-48fd-895a-30a6ee741b8c" objectid="32" type="SLA_THRESHOLD" value="eb93f0e7-649f-44c7-95a6-0969c8c5c4d4"/>
<objectids-entry key="Default zone¤Web Services¤WSDL¤d5ee75b3-2a33-48fd-895a-30a6ee741b8c" objectid="33" type="SLA_THRESHOLD" value="e85123d0-4bca-4e78-8613-6148edf2a43b"/>
<objectids-entry key="Default zone¤Web Services¤WSDL¤d5ee75b3-2a33-48fd-895a-30a6ee741b8c" objectid="34" type="SLA_THRESHOLD" value="4ef49997-f409-4f86-a7c2-4e2e11b1f829"/>
<objectids-entry key="Default zone¤Web Services¤WSDL¤d5ee75b3-2a33-48fd-895a-30a6ee741b8c" objectid="35" type="SLA_THRESHOLD" value="3aa9f488-ba7f-4244-afdc-149f20e393e7"/>
<objectids-entry key="Default zone¤Web Services¤WSDL¤d5ee75b3-2a33-48fd-895a-30a6ee741b8c" objectid="36" type="SLA_THRESHOLD" value="95a4e089-fa41-4224-9c4a-0a142b9cbb01"/>
<objectids-entry key="Default zone¤Web Services¤WSDL¤d5ee75b3-2a33-48fd-895a-30a6ee741b8c" objectid="37" type="SLA_THRESHOLD" value="7b776980-e8f1-4532-ae15-6620db706ec4"/>
<objectids-entry key="Default zone¤Web Services¤WSDL¤d5ee75b3-2a33-48fd-895a-30a6ee741b8c" objectid="38" type="SLA_THRESHOLD" value="55a20943-52e1-42db-a512-c845c9034844"/>
<objectids-entry key="Default zone¤Web Services¤WSDL¤d5ee75b3-2a33-48fd-895a-30a6ee741b8c" objectid="39" type="SLA_THRESHOLD" value="883d9f3b-b817-4f6e-b6b3-b27a7eadb047"/>
<objectids-entry key="Default zone¤Web Services¤WSDL¤d5ee75b3-2a33-48fd-895a-30a6ee741b8c" objectid="40" type="SLA_THRESHOLD" value="38e51b01-69bd-4438-bf04-39cfebe5abe4"/>
<objectids-entry key="Default zone¤Web Services¤WSDL¤d5ee75b3-2a33-48fd-895a-30a6ee741b8c" objectid="41" type="SLA_THRESHOLD" value="62231318-7bd3-420a-a1d4-8f0072160d0f"/>
<objectids-entry key="Default zone¤Web Services¤WSDL¤d5ee75b3-2a33-48fd-895a-30a6ee741b8c" objectid="42" type="SLA_THRESHOLD" value="d048e9ef-1caf-4cf0-883e-093d194ca97a"/>
<objectids-entry key="Default zone¤Web Services¤WSDL" objectid="43" type="BASIC_LOGICAL_CONTAINER" value="4189c15a-548c-4471-829e-0242eabe3fa6"/>
<objectids-entry key="Default zone¤Web Services¤WSDL" objectid="44" type="ACTION" value="ec823be5-76cd-4a80-8cbb-3829c5b90404"/>
<objectids-entry key="Default zone¤Web Services¤WSDL¤4189c15a-548c-4471-829e-0242eabe3fa6" objectid="45" type="SLA_THRESHOLD" value="aa7f2662-54d1-4350-9603-3fa6ae27c536"/>
<objectids-entry key="Default zone¤Web Services¤WSDL¤4189c15a-548c-4471-829e-0242eabe3fa6" objectid="46" type="SLA_THRESHOLD" value="edf3ea34-0bb3-4c87-846d-1954049a9f32"/>
<objectids-entry key="Default zone¤Web Services¤WSDL¤4189c15a-548c-4471-829e-0242eabe3fa6" objectid="47" type="SLA_THRESHOLD" value="02c7e326-295b-4485-82e9-c73b283fbe27"/>
<objectids-entry key="Default zone¤Web Services¤WSDL¤4189c15a-548c-4471-829e-0242eabe3fa6" objectid="48" type="SLA_THRESHOLD" value="e0717409-6b2b-4397-bd09-4c70dccdef45"/>
<objectids-entry key="Default zone¤Web Services¤WSDL¤4189c15a-548c-4471-829e-0242eabe3fa6" objectid="49" type="SLA_THRESHOLD" value="eb93f0e7-649f-44c7-95a6-0969c8c5c4d4"/>
<objectids-entry key="Default zone¤Web Services¤WSDL¤4189c15a-548c-4471-829e-0242eabe3fa6" objectid="50" type="SLA_THRESHOLD" value="e85123d0-4bca-4e78-8613-6148edf2a43b"/>
<objectids-entry key="Default zone¤Web Services¤WSDL¤4189c15a-548c-4471-829e-0242eabe3fa6" objectid="51" type="SLA_THRESHOLD" value="4ef49997-f409-4f86-a7c2-4e2e11b1f829"/>
<objectids-entry key="Default zone¤Web Services¤WSDL¤4189c15a-548c-4471-829e-0242eabe3fa6" objectid="52" type="SLA_THRESHOLD" value="3aa9f488-ba7f-4244-afdc-149f20e393e7"/>
<objectids-entry key="Default zone¤Web Services¤WSDL¤4189c15a-548c-4471-829e-0242eabe3fa6" objectid="53" type="SLA_THRESHOLD" value="95a4e089-fa41-4224-9c4a-0a142b9cbb01"/>
<objectids-entry key="Default zone¤Web Services¤WSDL¤4189c15a-548c-4471-829e-0242eabe3fa6" objectid="54" type="SLA_THRESHOLD" value="7b776980-e8f1-4532-ae15-6620db706ec4"/>
<objectids-entry key="Default zone¤Web Services¤WSDL¤4189c15a-548c-4471-829e-0242eabe3fa6" objectid="55" type="SLA_THRESHOLD" value="55a20943-52e1-42db-a512-c845c9034844"/>
<objectids-entry key="Default zone¤Web Services¤WSDL¤4189c15a-548c-4471-829e-0242eabe3fa6" objectid="56" type="SLA_THRESHOLD" value="883d9f3b-b817-4f6e-b6b3-b27a7eadb047"/>
<objectids-entry key="Default zone¤Web Services¤WSDL¤4189c15a-548c-4471-829e-0242eabe3fa6" objectid="57" type="SLA_THRESHOLD" value="38e51b01-69bd-4438-bf04-39cfebe5abe4"/>
<objectids-entry key="Default zone¤Web Services¤WSDL¤4189c15a-548c-4471-829e-0242eabe3fa6" objectid="58" type="SLA_THRESHOLD" value="62231318-7bd3-420a-a1d4-8f0072160d0f"/>
<objectids-entry key="Default zone¤Web Services¤WSDL¤4189c15a-548c-4471-829e-0242eabe3fa6" objectid="59" type="SLA_THRESHOLD" value="d048e9ef-1caf-4cf0-883e-093d194ca97a"/>
<objectids-entry key="Default zone¤Web Services¤WSDL" objectid="60" type="BASIC_LOGICAL_CONTAINER" value="5c244137-8137-443e-b907-42b9541fbf2c"/>
<objectids-entry key="Default zone¤Web Services¤WSDL" objectid="61" type="ACTION" value="54128cd2-317e-419b-8b84-fdbea74ff0cd"/>
<objectids-entry key="Default zone¤Web Services¤WSDL¤5c244137-8137-443e-b907-42b9541fbf2c" objectid="62" type="SLA_THRESHOLD" value="aa7f2662-54d1-4350-9603-3fa6ae27c536"/>
<objectids-entry key="Default zone¤Web Services¤WSDL¤5c244137-8137-443e-b907-42b9541fbf2c" objectid="63" type="SLA_THRESHOLD" value="edf3ea34-0bb3-4c87-846d-1954049a9f32"/>
<objectids-entry key="Default zone¤Web Services¤WSDL¤5c244137-8137-443e-b907-42b9541fbf2c" objectid="64" type="SLA_THRESHOLD" value="02c7e326-295b-4485-82e9-c73b283fbe27"/>
<objectids-entry key="Default zone¤Web Services¤WSDL¤5c244137-8137-443e-b907-42b9541fbf2c" objectid="65" type="SLA_THRESHOLD" value="e0717409-6b2b-4397-bd09-4c70dccdef45"/>
<objectids-entry key="Default zone¤Web Services¤WSDL¤5c244137-8137-443e-b907-42b9541fbf2c" objectid="66" type="SLA_THRESHOLD" value="eb93f0e7-649f-44c7-95a6-0969c8c5c4d4"/>
<objectids-entry key="Default zone¤Web Services¤WSDL¤5c244137-8137-443e-b907-42b9541fbf2c" objectid="67" type="SLA_THRESHOLD" value="e85123d0-4bca-4e78-8613-6148edf2a43b"/>
<objectids-entry key="Default zone¤Web Services¤WSDL¤5c244137-8137-443e-b907-42b9541fbf2c" objectid="68" type="SLA_THRESHOLD" value="4ef49997-f409-4f86-a7c2-4e2e11b1f829"/>
<objectids-entry key="Default zone¤Web Services¤WSDL¤5c244137-8137-443e-b907-42b9541fbf2c" objectid="69" type="SLA_THRESHOLD" value="3aa9f488-ba7f-4244-afdc-149f20e393e7"/>
<objectids-entry key="Default zone¤Web Services¤WSDL¤5c244137-8137-443e-b907-42b9541fbf2c" objectid="70" type="SLA_THRESHOLD" value="95a4e089-fa41-4224-9c4a-0a142b9cbb01"/>
<objectids-entry key="Default zone¤Web Services¤WSDL¤5c244137-8137-443e-b907-42b9541fbf2c" objectid="71" type="SLA_THRESHOLD" value="7b776980-e8f1-4532-ae15-6620db706ec4"/>
<objectids-entry key="Default zone¤Web Services¤WSDL¤5c244137-8137-443e-b907-42b9541fbf2c" objectid="72" type="SLA_THRESHOLD" value="55a20943-52e1-42db-a512-c845c9034844"/>
<objectids-entry key="Default zone¤Web Services¤WSDL¤5c244137-8137-443e-b907-42b9541fbf2c" objectid="73" type="SLA_THRESHOLD" value="883d9f3b-b817-4f6e-b6b3-b27a7eadb047"/>
<objectids-entry key="Default zone¤Web Services¤WSDL¤5c244137-8137-443e-b907-42b9541fbf2c" objectid="74" type="SLA_THRESHOLD" value="38e51b01-69bd-4438-bf04-39cfebe5abe4"/>
<objectids-entry key="Default zone¤Web Services¤WSDL¤5c244137-8137-443e-b907-42b9541fbf2c" objectid="75" type="SLA_THRESHOLD" value="62231318-7bd3-420a-a1d4-8f0072160d0f"/>
<objectids-entry key="Default zone¤Web Services¤WSDL¤5c244137-8137-443e-b907-42b9541fbf2c" objectid="76" type="SLA_THRESHOLD" value="d048e9ef-1caf-4cf0-883e-093d194ca97a"/>
<objectids-entry key="Default zone¤Web Services¤WSDL" objectid="77" type="BASIC_LOGICAL_CONTAINER" value="264c22dd-33c0-4cb1-a3b6-dbdfbbb182f1"/>
<objectids-entry key="Default zone¤Web Services¤WSDL" objectid="78" type="ACTION" value="1ba554c9-d188-4233-a06d-688175d9f8ec"/>
<objectids-entry key="Default zone¤Web Services¤WSDL¤264c22dd-33c0-4cb1-a3b6-dbdfbbb182f1" objectid="79" type="SLA_THRESHOLD" value="aa7f2662-54d1-4350-9603-3fa6ae27c536"/>
<objectids-entry key="Default zone¤Web Services¤WSDL¤264c22dd-33c0-4cb1-a3b6-dbdfbbb182f1" objectid="80" type="SLA_THRESHOLD" value="edf3ea34-0bb3-4c87-846d-1954049a9f32"/>
<objectids-entry key="Default zone¤Web Services¤WSDL¤264c22dd-33c0-4cb1-a3b6-dbdfbbb182f1" objectid="81" type="SLA_THRESHOLD" value="02c7e326-295b-4485-82e9-c73b283fbe27"/>
<objectids-entry key="Default zone¤Web Services¤WSDL¤264c22dd-33c0-4cb1-a3b6-dbdfbbb182f1" objectid="82" type="SLA_THRESHOLD" value="e0717409-6b2b-4397-bd09-4c70dccdef45"/>
<objectids-entry key="Default zone¤Web Services¤WSDL¤264c22dd-33c0-4cb1-a3b6-dbdfbbb182f1" objectid="83" type="SLA_THRESHOLD" value="eb93f0e7-649f-44c7-95a6-0969c8c5c4d4"/>
<objectids-entry key="Default zone¤Web Services¤WSDL¤264c22dd-33c0-4cb1-a3b6-dbdfbbb182f1" objectid="84" type="SLA_THRESHOLD" value="e85123d0-4bca-4e78-8613-6148edf2a43b"/>
<objectids-entry key="Default zone¤Web Services¤WSDL¤264c22dd-33c0-4cb1-a3b6-dbdfbbb182f1" objectid="85" type="SLA_THRESHOLD" value="4ef49997-f409-4f86-a7c2-4e2e11b1f829"/>
<objectids-entry key="Default zone¤Web Services¤WSDL¤264c22dd-33c0-4cb1-a3b6-dbdfbbb182f1" objectid="86" type="SLA_THRESHOLD" value="3aa9f488-ba7f-4244-afdc-149f20e393e7"/>
<objectids-entry key="Default zone¤Web Services¤WSDL¤264c22dd-33c0-4cb1-a3b6-dbdfbbb182f1" objectid="87" type="SLA_THRESHOLD" value="95a4e089-fa41-4224-9c4a-0a142b9cbb01"/>
<objectids-entry key="Default zone¤Web Services¤WSDL¤264c22dd-33c0-4cb1-a3b6-dbdfbbb182f1" objectid="88" type="SLA_THRESHOLD" value="7b776980-e8f1-4532-ae15-6620db706ec4"/>
<objectids-entry key="Default zone¤Web Services¤WSDL¤264c22dd-33c0-4cb1-a3b6-dbdfbbb182f1" objectid="89" type="SLA_THRESHOLD" value="55a20943-52e1-42db-a512-c845c9034844"/>
<objectids-entry key="Default zone¤Web Services¤WSDL¤264c22dd-33c0-4cb1-a3b6-dbdfbbb182f1" objectid="90" type="SLA_THRESHOLD" value="883d9f3b-b817-4f6e-b6b3-b27a7eadb047"/>
<objectids-entry key="Default zone¤Web Services¤WSDL¤264c22dd-33c0-4cb1-a3b6-dbdfbbb182f1" objectid="91" type="SLA_THRESHOLD" value="38e51b01-69bd-4438-bf04-39cfebe5abe4"/>
<objectids-entry key="Default zone¤Web Services¤WSDL¤264c22dd-33c0-4cb1-a3b6-dbdfbbb182f1" objectid="92" type="SLA_THRESHOLD" value="62231318-7bd3-420a-a1d4-8f0072160d0f"/>
<objectids-entry key="Default zone¤Web Services¤WSDL¤264c22dd-33c0-4cb1-a3b6-dbdfbbb182f1" objectid="93" type="SLA_THRESHOLD" value="d048e9ef-1caf-4cf0-883e-093d194ca97a"/>
<objectids-entry key="Default zone¤Web Services¤WSDL" objectid="94" type="BASIC_LOGICAL_CONTAINER" value="001cb43c-01a7-4aa0-a15c-13ce49c12104"/>
<objectids-entry key="Default zone¤Web Services¤WSDL" objectid="95" type="ACTION" value="837072c8-79b3-40a9-895f-c5155a11ff4b"/>
<objectids-entry key="Default zone¤Web Services¤WSDL¤001cb43c-01a7-4aa0-a15c-13ce49c12104" objectid="96" type="SLA_THRESHOLD" value="aa7f2662-54d1-4350-9603-3fa6ae27c536"/>
<objectids-entry key="Default zone¤Web Services¤WSDL¤001cb43c-01a7-4aa0-a15c-13ce49c12104" objectid="97" type="SLA_THRESHOLD" value="edf3ea34-0bb3-4c87-846d-1954049a9f32"/>
<objectids-entry key="Default zone¤Web Services¤WSDL¤001cb43c-01a7-4aa0-a15c-13ce49c12104" objectid="98" type="SLA_THRESHOLD" value="02c7e326-295b-4485-82e9-c73b283fbe27"/>
<objectids-entry key="Default zone¤Web Services¤WSDL¤001cb43c-01a7-4aa0-a15c-13ce49c12104" objectid="99" type="SLA_THRESHOLD" value="e0717409-6b2b-4397-bd09-4c70dccdef45"/>
<objectids-entry key="Default zone¤Web Services¤WSDL¤001cb43c-01a7-4aa0-a15c-13ce49c12104" objectid="100" type="SLA_THRESHOLD" value="eb93f0e7-649f-44c7-95a6-0969c8c5c4d4"/>
<objectids-entry key="Default zone¤Web Services¤WSDL¤001cb43c-01a7-4aa0-a15c-13ce49c12104" objectid="101" type="SLA_THRESHOLD" value="e85123d0-4bca-4e78-8613-6148edf2a43b"/>
<objectids-entry key="Default zone¤Web Services¤WSDL¤001cb43c-01a7-4aa0-a15c-13ce49c12104" objectid="102" type="SLA_THRESHOLD" value="4ef49997-f409-4f86-a7c2-4e2e11b1f829"/>
<objectids-entry key="Default zone¤Web Services¤WSDL¤001cb43c-01a7-4aa0-a15c-13ce49c12104" objectid="103" type="SLA_THRESHOLD" value="3aa9f488-ba7f-4244-afdc-149f20e393e7"/>
<objectids-entry key="Default zone¤Web Services¤WSDL¤001cb43c-01a7-4aa0-a15c-13ce49c12104" objectid="104" type="SLA_THRESHOLD" value="95a4e089-fa41-4224-9c4a-0a142b9cbb01"/>
<objectids-entry key="Default zone¤Web Services¤WSDL¤001cb43c-01a7-4aa0-a15c-13ce49c12104" objectid="105" type="SLA_THRESHOLD" value="7b776980-e8f1-4532-ae15-6620db706ec4"/>
<objectids-entry key="Default zone¤Web Services¤WSDL¤001cb43c-01a7-4aa0-a15c-13ce49c12104" objectid="106" type="SLA_THRESHOLD" value="55a20943-52e1-42db-a512-c845c9034844"/>
<objectids-entry key="Default zone¤Web Services¤WSDL¤001cb43c-01a7-4aa0-a15c-13ce49c12104" objectid="107" type="SLA_THRESHOLD" value="883d9f3b-b817-4f6e-b6b3-b27a7eadb047"/>
<objectids-entry key="Default zone¤Web Services¤WSDL¤001cb43c-01a7-4aa0-a15c-13ce49c12104" objectid="108" type="SLA_THRESHOLD" value="38e51b01-69bd-4438-bf04-39cfebe5abe4"/>
<objectids-entry key="Default zone¤Web Services¤WSDL¤001cb43c-01a7-4aa0-a15c-13ce49c12104" objectid="109" type="SLA_THRESHOLD" value="62231318-7bd3-420a-a1d4-8f0072160d0f"/>
<objectids-entry key="Default zone¤Web Services¤WSDL¤001cb43c-01a7-4aa0-a15c-13ce49c12104" objectid="110" type="SLA_THRESHOLD" value="d048e9ef-1caf-4cf0-883e-093d194ca97a"/>
<objectids-entry key="Default zone¤Web Services¤WSDL" objectid="111" type="BASIC_LOGICAL_CONTAINER" value="a31eac62-8749-4493-8acd-c2509602b274"/>
<objectids-entry key="Default zone¤Web Services¤WSDL" objectid="112" type="ACTION" value="e607730c-113c-486e-8da3-f198caf7d12b"/>
<objectids-entry key="Default zone¤Web Services¤WSDL¤a31eac62-8749-4493-8acd-c2509602b274" objectid="113" type="SLA_THRESHOLD" value="aa7f2662-54d1-4350-9603-3fa6ae27c536"/>
<objectids-entry key="Default zone¤Web Services¤WSDL¤a31eac62-8749-4493-8acd-c2509602b274" objectid="114" type="SLA_THRESHOLD" value="edf3ea34-0bb3-4c87-846d-1954049a9f32"/>
<objectids-entry key="Default zone¤Web Services¤WSDL¤a31eac62-8749-4493-8acd-c2509602b274" objectid="115" type="SLA_THRESHOLD" value="02c7e326-295b-4485-82e9-c73b283fbe27"/>
<objectids-entry key="Default zone¤Web Services¤WSDL¤a31eac62-8749-4493-8acd-c2509602b274" objectid="116" type="SLA_THRESHOLD" value="e0717409-6b2b-4397-bd09-4c70dccdef45"/>
<objectids-entry key="Default zone¤Web Services¤WSDL¤a31eac62-8749-4493-8acd-c2509602b274" objectid="117" type="SLA_THRESHOLD" value="eb93f0e7-649f-44c7-95a6-0969c8c5c4d4"/>
<objectids-entry key="Default zone¤Web Services¤WSDL¤a31eac62-8749-4493-8acd-c2509602b274" objectid="118" type="SLA_THRESHOLD" value="e85123d0-4bca-4e78-8613-6148edf2a43b"/>
<objectids-entry key="Default zone¤Web Services¤WSDL¤a31eac62-8749-4493-8acd-c2509602b274" objectid="119" type="SLA_THRESHOLD" value="4ef49997-f409-4f86-a7c2-4e2e11b1f829"/>
<objectids-entry key="Default zone¤Web Services¤WSDL¤a31eac62-8749-4493-8acd-c2509602b274" objectid="120" type="SLA_THRESHOLD" value="3aa9f488-ba7f-4244-afdc-149f20e393e7"/>
<objectids-entry key="Default zone¤Web Services¤WSDL¤a31eac62-8749-4493-8acd-c2509602b274" objectid="121" type="SLA_THRESHOLD" value="95a4e089-fa41-4224-9c4a-0a142b9cbb01"/>
<objectids-entry key="Default zone¤Web Services¤WSDL¤a31eac62-8749-4493-8acd-c2509602b274" objectid="122" type="SLA_THRESHOLD" value="7b776980-e8f1-4532-ae15-6620db706ec4"/>
<objectids-entry key="Default zone¤Web Services¤WSDL¤a31eac62-8749-4493-8acd-c2509602b274" objectid="123" type="SLA_THRESHOLD" value="55a20943-52e1-42db-a512-c845c9034844"/>
<objectids-entry key="Default zone¤Web Services¤WSDL¤a31eac62-8749-4493-8acd-c2509602b274" objectid="124" type="SLA_THRESHOLD" value="883d9f3b-b817-4f6e-b6b3-b27a7eadb047"/>
<objectids-entry key="Default zone¤Web Services¤WSDL¤a31eac62-8749-4493-8acd-c2509602b274" objectid="125" type="SLA_THRESHOLD" value="38e51b01-69bd-4438-bf04-39cfebe5abe4"/>
<objectids-entry key="Default zone¤Web Services¤WSDL¤a31eac62-8749-4493-8acd-c2509602b274" objectid="126" type="SLA_THRESHOLD" value="62231318-7bd3-420a-a1d4-8f0072160d0f"/>
<objectids-entry key="Default zone¤Web Services¤WSDL¤a31eac62-8749-4493-8acd-c2509602b274" objectid="127" type="SLA_THRESHOLD" value="d048e9ef-1caf-4cf0-883e-093d194ca97a"/>
<objectids-entry key="Default zone¤Web Services¤WSDL" objectid="128" type="BASIC_LOGICAL_CONTAINER" value="8c67a62a-72eb-4690-be0e-05950f8698e0"/>
<objectids-entry key="Default zone¤Web Services¤WSDL" objectid="129" type="ACTION" value="54a4137f-19bb-4c41-ac77-7b34d73b8ad3"/>
<objectids-entry key="Default zone¤Web Services¤WSDL¤8c67a62a-72eb-4690-be0e-05950f8698e0" objectid="130" type="SLA_THRESHOLD" value="aa7f2662-54d1-4350-9603-3fa6ae27c536"/>
<objectids-entry key="Default zone¤Web Services¤WSDL¤8c67a62a-72eb-4690-be0e-05950f8698e0" objectid="131" type="SLA_THRESHOLD" value="edf3ea34-0bb3-4c87-846d-1954049a9f32"/>
<objectids-entry key="Default zone¤Web Services¤WSDL¤8c67a62a-72eb-4690-be0e-05950f8698e0" objectid="132" type="SLA_THRESHOLD" value="02c7e326-295b-4485-82e9-c73b283fbe27"/>
<objectids-entry key="Default zone¤Web Services¤WSDL¤8c67a62a-72eb-4690-be0e-05950f8698e0" objectid="133" type="SLA_THRESHOLD" value="e0717409-6b2b-4397-bd09-4c70dccdef45"/>
<objectids-entry key="Default zone¤Web Services¤WSDL¤8c67a62a-72eb-4690-be0e-05950f8698e0" objectid="134" type="SLA_THRESHOLD" value="eb93f0e7-649f-44c7-95a6-0969c8c5c4d4"/>
<objectids-entry key="Default zone¤Web Services¤WSDL¤8c67a62a-72eb-4690-be0e-05950f8698e0" objectid="135" type="SLA_THRESHOLD" value="e85123d0-4bca-4e78-8613-6148edf2a43b"/>
<objectids-entry key="Default zone¤Web Services¤WSDL¤8c67a62a-72eb-4690-be0e-05950f8698e0" objectid="136" type="SLA_THRESHOLD" value="4ef49997-f409-4f86-a7c2-4e2e11b1f829"/>
<objectids-entry key="Default zone¤Web Services¤WSDL¤8c67a62a-72eb-4690-be0e-05950f8698e0" objectid="137" type="SLA_THRESHOLD" value="3aa9f488-ba7f-4244-afdc-149f20e393e7"/>
<objectids-entry key="Default zone¤Web Services¤WSDL¤8c67a62a-72eb-4690-be0e-05950f8698e0" objectid="138" type="SLA_THRESHOLD" value="95a4e089-fa41-4224-9c4a-0a142b9cbb01"/>
<objectids-entry key="Default zone¤Web Services¤WSDL¤8c67a62a-72eb-4690-be0e-05950f8698e0" objectid="139" type="SLA_THRESHOLD" value="7b776980-e8f1-4532-ae15-6620db706ec4"/>
<objectids-entry key="Default zone¤Web Services¤WSDL¤8c67a62a-72eb-4690-be0e-05950f8698e0" objectid="140" type="SLA_THRESHOLD" value="55a20943-52e1-42db-a512-c845c9034844"/>
<objectids-entry key="Default zone¤Web Services¤WSDL¤8c67a62a-72eb-4690-be0e-05950f8698e0" objectid="141" type="SLA_THRESHOLD" value="883d9f3b-b817-4f6e-b6b3-b27a7eadb047"/>
<objectids-entry key="Default zone¤Web Services¤WSDL¤8c67a62a-72eb-4690-be0e-05950f8698e0" objectid="142" type="SLA_THRESHOLD" value="38e51b01-69bd-4438-bf04-39cfebe5abe4"/>
<objectids-entry key="Default zone¤Web Services¤WSDL¤8c67a62a-72eb-4690-be0e-05950f8698e0" objectid="143" type="SLA_THRESHOLD" value="62231318-7bd3-420a-a1d4-8f0072160d0f"/>
<objectids-entry key="Default zone¤Web Services¤WSDL¤8c67a62a-72eb-4690-be0e-05950f8698e0" objectid="144" type="SLA_THRESHOLD" value="d048e9ef-1caf-4cf0-883e-093d194ca97a"/>
<objectids-entry key="Default zone¤Web Services¤WSDL" objectid="145" type="BASIC_LOGICAL_CONTAINER" value="9894326a-c817-4fa0-a602-7616a63c04f3"/>
<objectids-entry key="Default zone¤Web Services¤WSDL" objectid="146" type="ACTION" value="e328875a-0add-4c75-be92-00ce6e061759"/>
<objectids-entry key="Default zone¤Web Services¤WSDL¤9894326a-c817-4fa0-a602-7616a63c04f3" objectid="147" type="SLA_THRESHOLD" value="aa7f2662-54d1-4350-9603-3fa6ae27c536"/>
<objectids-entry key="Default zone¤Web Services¤WSDL¤9894326a-c817-4fa0-a602-7616a63c04f3" objectid="148" type="SLA_THRESHOLD" value="edf3ea34-0bb3-4c87-846d-1954049a9f32"/>
<objectids-entry key="Default zone¤Web Services¤WSDL¤9894326a-c817-4fa0-a602-7616a63c04f3" objectid="149" type="SLA_THRESHOLD" value="02c7e326-295b-4485-82e9-c73b283fbe27"/>
<objectids-entry key="Default zone¤Web Services¤WSDL¤9894326a-c817-4fa0-a602-7616a63c04f3" objectid="150" type="SLA_THRESHOLD" value="e0717409-6b2b-4397-bd09-4c70dccdef45"/>
<objectids-entry key="Default zone¤Web Services¤WSDL¤9894326a-c817-4fa0-a602-7616a63c04f3" objectid="151" type="SLA_THRESHOLD" value="eb93f0e7-649f-44c7-95a6-0969c8c5c4d4"/>
<objectids-entry key="Default zone¤Web Services¤WSDL¤9894326a-c817-4fa0-a602-7616a63c04f3" objectid="152" type="SLA_THRESHOLD" value="e85123d0-4bca-4e78-8613-6148edf2a43b"/>
<objectids-entry key="Default zone¤Web Services¤WSDL¤9894326a-c817-4fa0-a602-7616a63c04f3" objectid="153" type="SLA_THRESHOLD" value="4ef49997-f409-4f86-a7c2-4e2e11b1f829"/>
<objectids-entry key="Default zone¤Web Services¤WSDL¤9894326a-c817-4fa0-a602-7616a63c04f3" objectid="154" type="SLA_THRESHOLD" value="3aa9f488-ba7f-4244-afdc-149f20e393e7"/>
<objectids-entry key="Default zone¤Web Services¤WSDL¤9894326a-c817-4fa0-a602-7616a63c04f3" objectid="155" type="SLA_THRESHOLD" value="95a4e089-fa41-4224-9c4a-0a142b9cbb01"/>
<objectids-entry key="Default zone¤Web Services¤WSDL¤9894326a-c817-4fa0-a602-7616a63c04f3" objectid="156" type="SLA_THRESHOLD" value="7b776980-e8f1-4532-ae15-6620db706ec4"/>
<objectids-entry key="Default zone¤Web Services¤WSDL¤9894326a-c817-4fa0-a602-7616a63c04f3" objectid="157" type="SLA_THRESHOLD" value="55a20943-52e1-42db-a512-c845c9034844"/>
<objectids-entry key="Default zone¤Web Services¤WSDL¤9894326a-c817-4fa0-a602-7616a63c04f3" objectid="158" type="SLA_THRESHOLD" value="883d9f3b-b817-4f6e-b6b3-b27a7eadb047"/>
<objectids-entry key="Default zone¤Web Services¤WSDL¤9894326a-c817-4fa0-a602-7616a63c04f3" objectid="159" type="SLA_THRESHOLD" value="38e51b01-69bd-4438-bf04-39cfebe5abe4"/>
<objectids-entry key="Default zone¤Web Services¤WSDL¤9894326a-c817-4fa0-a602-7616a63c04f3" objectid="160" type="SLA_THRESHOLD" value="62231318-7bd3-420a-a1d4-8f0072160d0f"/>
<objectids-entry key="Default zone¤Web Services¤WSDL¤9894326a-c817-4fa0-a602-7616a63c04f3" objectid="161" type="SLA_THRESHOLD" value="d048e9ef-1caf-4cf0-883e-093d194ca97a"/>
<objectids-entry key="Default zone¤Web Services¤WSDL" objectid="162" type="BASIC_LOGICAL_CONTAINER" value="c499e163-adc0-45d7-b0cb-283187898a07"/>
<objectids-entry key="Default zone¤Web Services¤WSDL" objectid="163" type="ACTION" value="09ff3a16-5250-4041-8507-b98b925bdd75"/>
<objectids-entry key="Default zone¤Web Services¤WSDL¤c499e163-adc0-45d7-b0cb-283187898a07" objectid="164" type="SLA_THRESHOLD" value="aa7f2662-54d1-4350-9603-3fa6ae27c536"/>
<objectids-entry key="Default zone¤Web Services¤WSDL¤c499e163-adc0-45d7-b0cb-283187898a07" objectid="165" type="SLA_THRESHOLD" value="edf3ea34-0bb3-4c87-846d-1954049a9f32"/>
<objectids-entry key="Default zone¤Web Services¤WSDL¤c499e163-adc0-45d7-b0cb-283187898a07" objectid="166" type="SLA_THRESHOLD" value="02c7e326-295b-4485-82e9-c73b283fbe27"/>
<objectids-entry key="Default zone¤Web Services¤WSDL¤c499e163-adc0-45d7-b0cb-283187898a07" objectid="167" type="SLA_THRESHOLD" value="e0717409-6b2b-4397-bd09-4c70dccdef45"/>
<objectids-entry key="Default zone¤Web Services¤WSDL¤c499e163-adc0-45d7-b0cb-283187898a07" objectid="168" type="SLA_THRESHOLD" value="eb93f0e7-649f-44c7-95a6-0969c8c5c4d4"/>
<objectids-entry key="Default zone¤Web Services¤WSDL¤c499e163-adc0-45d7-b0cb-283187898a07" objectid="169" type="SLA_THRESHOLD" value="e85123d0-4bca-4e78-8613-6148edf2a43b"/>
<objectids-entry key="Default zone¤Web Services¤WSDL¤c499e163-adc0-45d7-b0cb-283187898a07" objectid="170" type="SLA_THRESHOLD" value="4ef49997-f409-4f86-a7c2-4e2e11b1f829"/>
<objectids-entry key="Default zone¤Web Services¤WSDL¤c499e163-adc0-45d7-b0cb-283187898a07" objectid="171" type="SLA_THRESHOLD" value="3aa9f488-ba7f-4244-afdc-149f20e393e7"/>
<objectids-entry key="Default zone¤Web Services¤WSDL¤c499e163-adc0-45d7-b0cb-283187898a07" objectid="172" type="SLA_THRESHOLD" value="95a4e089-fa41-4224-9c4a-0a142b9cbb01"/>
<objectids-entry key="Default zone¤Web Services¤WSDL¤c499e163-adc0-45d7-b0cb-283187898a07" objectid="173" type="SLA_THRESHOLD" value="7b776980-e8f1-4532-ae15-6620db706ec4"/>
<objectids-entry key="Default zone¤Web Services¤WSDL¤c499e163-adc0-45d7-b0cb-283187898a07" objectid="174" type="SLA_THRESHOLD" value="55a20943-52e1-42db-a512-c845c9034844"/>
<objectids-entry key="Default zone¤Web Services¤WSDL¤c499e163-adc0-45d7-b0cb-283187898a07" objectid="175" type="SLA_THRESHOLD" value="883d9f3b-b817-4f6e-b6b3-b27a7eadb047"/>
<objectids-entry key="Default zone¤Web Services¤WSDL¤c499e163-adc0-45d7-b0cb-283187898a07" objectid="176" type="SLA_THRESHOLD" value="38e51b01-69bd-4438-bf04-39cfebe5abe4"/>
<objectids-entry key="Default zone¤Web Services¤WSDL¤c499e163-adc0-45d7-b0cb-283187898a07" objectid="177" type="SLA_THRESHOLD" value="62231318-7bd3-420a-a1d4-8f0072160d0f"/>
<objectids-entry key="Default zone¤Web Services¤WSDL¤c499e163-adc0-45d7-b0cb-283187898a07" objectid="178" type="SLA_THRESHOLD" value="d048e9ef-1caf-4cf0-883e-093d194ca97a"/>
<objectids-entry key="Default zone¤Web Services¤WSDL" objectid="179" type="BASIC_LOGICAL_CONTAINER" value="2ad49ae9-a692-4f8c-8675-7d28e7e54a34"/>
<objectids-entry key="Default zone¤Web Services¤WSDL" objectid="180" type="ACTION" value="60668b23-bc75-4516-a8c9-0f44fd8f5eaa"/>
<objectids-entry key="Default zone¤Web Services¤WSDL¤2ad49ae9-a692-4f8c-8675-7d28e7e54a34" objectid="181" type="SLA_THRESHOLD" value="aa7f2662-54d1-4350-9603-3fa6ae27c536"/>
<objectids-entry key="Default zone¤Web Services¤WSDL¤2ad49ae9-a692-4f8c-8675-7d28e7e54a34" objectid="182" type="SLA_THRESHOLD" value="edf3ea34-0bb3-4c87-846d-1954049a9f32"/>
<objectids-entry key="Default zone¤Web Services¤WSDL¤2ad49ae9-a692-4f8c-8675-7d28e7e54a34" objectid="183" type="SLA_THRESHOLD" value="02c7e326-295b-4485-82e9-c73b283fbe27"/>
<objectids-entry key="Default zone¤Web Services¤WSDL¤2ad49ae9-a692-4f8c-8675-7d28e7e54a34" objectid="184" type="SLA_THRESHOLD" value="e0717409-6b2b-4397-bd09-4c70dccdef45"/>
<objectids-entry key="Default zone¤Web Services¤WSDL¤2ad49ae9-a692-4f8c-8675-7d28e7e54a34" objectid="185" type="SLA_THRESHOLD" value="eb93f0e7-649f-44c7-95a6-0969c8c5c4d4"/>
<objectids-entry key="Default zone¤Web Services¤WSDL¤2ad49ae9-a692-4f8c-8675-7d28e7e54a34" objectid="186" type="SLA_THRESHOLD" value="e85123d0-4bca-4e78-8613-6148edf2a43b"/>
<objectids-entry key="Default zone¤Web Services¤WSDL¤2ad49ae9-a692-4f8c-8675-7d28e7e54a34" objectid="187" type="SLA_THRESHOLD" value="4ef49997-f409-4f86-a7c2-4e2e11b1f829"/>
<objectids-entry key="Default zone¤Web Services¤WSDL¤2ad49ae9-a692-4f8c-8675-7d28e7e54a34" objectid="188" type="SLA_THRESHOLD" value="3aa9f488-ba7f-4244-afdc-149f20e393e7"/>
<objectids-entry key="Default zone¤Web Services¤WSDL¤2ad49ae9-a692-4f8c-8675-7d28e7e54a34" objectid="189" type="SLA_THRESHOLD" value="95a4e089-fa41-4224-9c4a-0a142b9cbb01"/>
<objectids-entry key="Default zone¤Web Services¤WSDL¤2ad49ae9-a692-4f8c-8675-7d28e7e54a34" objectid="190" type="SLA_THRESHOLD" value="7b776980-e8f1-4532-ae15-6620db706ec4"/>
<objectids-entry key="Default zone¤Web Services¤WSDL¤2ad49ae9-a692-4f8c-8675-7d28e7e54a34" objectid="191" type="SLA_THRESHOLD" value="55a20943-52e1-42db-a512-c845c9034844"/>
<objectids-entry key="Default zone¤Web Services¤WSDL¤2ad49ae9-a692-4f8c-8675-7d28e7e54a34" objectid="192" type="SLA_THRESHOLD" value="883d9f3b-b817-4f6e-b6b3-b27a7eadb047"/>
<objectids-entry key="Default zone¤Web Services¤WSDL¤2ad49ae9-a692-4f8c-8675-7d28e7e54a34" objectid="193" type="SLA_THRESHOLD" value="38e51b01-69bd-4438-bf04-39cfebe5abe4"/>
<objectids-entry key="Default zone¤Web Services¤WSDL¤2ad49ae9-a692-4f8c-8675-7d28e7e54a34" objectid="194" type="SLA_THRESHOLD" value="62231318-7bd3-420a-a1d4-8f0072160d0f"/>
<objectids-entry key="Default zone¤Web Services¤WSDL¤2ad49ae9-a692-4f8c-8675-7d28e7e54a34" objectid="195" type="SLA_THRESHOLD" value="d048e9ef-1caf-4cf0-883e-093d194ca97a"/>
<objectids-entry key="Default zone¤Web Services¤WSDL" objectid="196" type="BASIC_LOGICAL_CONTAINER" value="f85f6a23-8866-4fcd-aede-ccba5ab6763a"/>
<objectids-entry key="Default zone¤Web Services¤WSDL" objectid="197" type="ACTION" value="ef760e8e-64d7-46bc-accd-de8c681982e4"/>
<objectids-entry key="Default zone¤Web Services¤WSDL¤f85f6a23-8866-4fcd-aede-ccba5ab6763a" objectid="198" type="SLA_THRESHOLD" value="aa7f2662-54d1-4350-9603-3fa6ae27c536"/>
<objectids-entry key="Default zone¤Web Services¤WSDL¤f85f6a23-8866-4fcd-aede-ccba5ab6763a" objectid="199" type="SLA_THRESHOLD" value="edf3ea34-0bb3-4c87-846d-1954049a9f32"/>
<objectids-entry key="Default zone¤Web Services¤WSDL¤f85f6a23-8866-4fcd-aede-ccba5ab6763a" objectid="200" type="SLA_THRESHOLD" value="02c7e326-295b-4485-82e9-c73b283fbe27"/>
<objectids-entry key="Default zone¤Web Services¤WSDL¤f85f6a23-8866-4fcd-aede-ccba5ab6763a" objectid="201" type="SLA_THRESHOLD" value="e0717409-6b2b-4397-bd09-4c70dccdef45"/>
<objectids-entry key="Default zone¤Web Services¤WSDL¤f85f6a23-8866-4fcd-aede-ccba5ab6763a" objectid="202" type="SLA_THRESHOLD" value="eb93f0e7-649f-44c7-95a6-0969c8c5c4d4"/>
<objectids-entry key="Default zone¤Web Services¤WSDL¤f85f6a23-8866-4fcd-aede-ccba5ab6763a" objectid="203" type="SLA_THRESHOLD" value="e85123d0-4bca-4e78-8613-6148edf2a43b"/>
<objectids-entry key="Default zone¤Web Services¤WSDL¤f85f6a23-8866-4fcd-aede-ccba5ab6763a" objectid="204" type="SLA_THRESHOLD" value="4ef49997-f409-4f86-a7c2-4e2e11b1f829"/>
<objectids-entry key="Default zone¤Web Services¤WSDL¤f85f6a23-8866-4fcd-aede-ccba5ab6763a" objectid="205" type="SLA_THRESHOLD" value="3aa9f488-ba7f-4244-afdc-149f20e393e7"/>
<objectids-entry key="Default zone¤Web Services¤WSDL¤f85f6a23-8866-4fcd-aede-ccba5ab6763a" objectid="206" type="SLA_THRESHOLD" value="95a4e089-fa41-4224-9c4a-0a142b9cbb01"/>
<objectids-entry key="Default zone¤Web Services¤WSDL¤f85f6a23-8866-4fcd-aede-ccba5ab6763a" objectid="207" type="SLA_THRESHOLD" value="7b776980-e8f1-4532-ae15-6620db706ec4"/>
<objectids-entry key="Default zone¤Web Services¤WSDL¤f85f6a23-8866-4fcd-aede-ccba5ab6763a" objectid="208" type="SLA_THRESHOLD" value="55a20943-52e1-42db-a512-c845c9034844"/>
<objectids-entry key="Default zone¤Web Services¤WSDL¤f85f6a23-8866-4fcd-aede-ccba5ab6763a" objectid="209" type="SLA_THRESHOLD" value="883d9f3b-b817-4f6e-b6b3-b27a7eadb047"/>
<objectids-entry key="Default zone¤Web Services¤WSDL¤f85f6a23-8866-4fcd-aede-ccba5ab6763a" objectid="210" type="SLA_THRESHOLD" value="38e51b01-69bd-4438-bf04-39cfebe5abe4"/>
<objectids-entry key="Default zone¤Web Services¤WSDL¤f85f6a23-8866-4fcd-aede-ccba5ab6763a" objectid="211" type="SLA_THRESHOLD" value="62231318-7bd3-420a-a1d4-8f0072160d0f"/>
<objectids-entry key="Default zone¤Web Services¤WSDL¤f85f6a23-8866-4fcd-aede-ccba5ab6763a" objectid="212" type="SLA_THRESHOLD" value="d048e9ef-1caf-4cf0-883e-093d194ca97a"/>
<objectids-entry key="Default zone¤Web Services¤WSDL" objectid="213" type="BASIC_LOGICAL_CONTAINER" value="5d73e48c-3665-49b6-ac3e-c1ebd26068de"/>
<objectids-entry key="Default zone¤Web Services¤WSDL" objectid="214" type="ACTION" value="f01d9e2e-05f5-4de2-a901-2e3f7b31bd0d"/>
<objectids-entry key="Default zone¤Web Services¤WSDL¤5d73e48c-3665-49b6-ac3e-c1ebd26068de" objectid="215" type="SLA_THRESHOLD" value="aa7f2662-54d1-4350-9603-3fa6ae27c536"/>
<objectids-entry key="Default zone¤Web Services¤WSDL¤5d73e48c-3665-49b6-ac3e-c1ebd26068de" objectid="216" type="SLA_THRESHOLD" value="edf3ea34-0bb3-4c87-846d-1954049a9f32"/>
<objectids-entry key="Default zone¤Web Services¤WSDL¤5d73e48c-3665-49b6-ac3e-c1ebd26068de" objectid="217" type="SLA_THRESHOLD" value="02c7e326-295b-4485-82e9-c73b283fbe27"/>
<objectids-entry key="Default zone¤Web Services¤WSDL¤5d73e48c-3665-49b6-ac3e-c1ebd26068de" objectid="218" type="SLA_THRESHOLD" value="e0717409-6b2b-4397-bd09-4c70dccdef45"/>
<objectids-entry key="Default zone¤Web Services¤WSDL¤5d73e48c-3665-49b6-ac3e-c1ebd26068de" objectid="219" type="SLA_THRESHOLD" value="eb93f0e7-649f-44c7-95a6-0969c8c5c4d4"/>
<objectids-entry key="Default zone¤Web Services¤WSDL¤5d73e48c-3665-49b6-ac3e-c1ebd26068de" objectid="220" type="SLA_THRESHOLD" value="e85123d0-4bca-4e78-8613-6148edf2a43b"/>
<objectids-entry key="Default zone¤Web Services¤WSDL¤5d73e48c-3665-49b6-ac3e-c1ebd26068de" objectid="221" type="SLA_THRESHOLD" value="4ef49997-f409-4f86-a7c2-4e2e11b1f829"/>
<objectids-entry key="Default zone¤Web Services¤WSDL¤5d73e48c-3665-49b6-ac3e-c1ebd26068de" objectid="222" type="SLA_THRESHOLD" value="3aa9f488-ba7f-4244-afdc-149f20e393e7"/>
<objectids-entry key="Default zone¤Web Services¤WSDL¤5d73e48c-3665-49b6-ac3e-c1ebd26068de" objectid="223" type="SLA_THRESHOLD" value="95a4e089-fa41-4224-9c4a-0a142b9cbb01"/>
<objectids-entry key="Default zone¤Web Services¤WSDL¤5d73e48c-3665-49b6-ac3e-c1ebd26068de" objectid="224" type="SLA_THRESHOLD" value="7b776980-e8f1-4532-ae15-6620db706ec4"/>
<objectids-entry key="Default zone¤Web Services¤WSDL¤5d73e48c-3665-49b6-ac3e-c1ebd26068de" objectid="225" type="SLA_THRESHOLD" value="55a20943-52e1-42db-a512-c845c9034844"/>
<objectids-entry key="Default zone¤Web Services¤WSDL¤5d73e48c-3665-49b6-ac3e-c1ebd26068de" objectid="226" type="SLA_THRESHOLD" value="883d9f3b-b817-4f6e-b6b3-b27a7eadb047"/>
<objectids-entry key="Default zone¤Web Services¤WSDL¤5d73e48c-3665-49b6-ac3e-c1ebd26068de" objectid="227" type="SLA_THRESHOLD" value="38e51b01-69bd-4438-bf04-39cfebe5abe4"/>
<objectids-entry key="Default zone¤Web Services¤WSDL¤5d73e48c-3665-49b6-ac3e-c1ebd26068de" objectid="228" type="SLA_THRESHOLD" value="62231318-7bd3-420a-a1d4-8f0072160d0f"/>
<objectids-entry key="Default zone¤Web Services¤WSDL¤5d73e48c-3665-49b6-ac3e-c1ebd26068de" objectid="229" type="SLA_THRESHOLD" value="d048e9ef-1caf-4cf0-883e-093d194ca97a"/>
<objectids-entry key="Default zone¤Web Services¤WSDL" objectid="230" type="BASIC_LOGICAL_CONTAINER" value="a3a03d6e-fe73-49be-86d0-379742f8eb52"/>
<objectids-entry key="Default zone¤Web Services¤WSDL" objectid="231" type="ACTION" value="3aa340c6-8f4a-4b8d-bc0c-3e423081d135"/>
<objectids-entry key="Default zone¤Web Services¤WSDL¤a3a03d6e-fe73-49be-86d0-379742f8eb52" objectid="232" type="SLA_THRESHOLD" value="aa7f2662-54d1-4350-9603-3fa6ae27c536"/>
<objectids-entry key="Default zone¤Web Services¤WSDL¤a3a03d6e-fe73-49be-86d0-379742f8eb52" objectid="233" type="SLA_THRESHOLD" value="edf3ea34-0bb3-4c87-846d-1954049a9f32"/>
<objectids-entry key="Default zone¤Web Services¤WSDL¤a3a03d6e-fe73-49be-86d0-379742f8eb52" objectid="234" type="SLA_THRESHOLD" value="02c7e326-295b-4485-82e9-c73b283fbe27"/>
<objectids-entry key="Default zone¤Web Services¤WSDL¤a3a03d6e-fe73-49be-86d0-379742f8eb52" objectid="235" type="SLA_THRESHOLD" value="e0717409-6b2b-4397-bd09-4c70dccdef45"/>
<objectids-entry key="Default zone¤Web Services¤WSDL¤a3a03d6e-fe73-49be-86d0-379742f8eb52" objectid="236" type="SLA_THRESHOLD" value="eb93f0e7-649f-44c7-95a6-0969c8c5c4d4"/>
<objectids-entry key="Default zone¤Web Services¤WSDL¤a3a03d6e-fe73-49be-86d0-379742f8eb52" objectid="237" type="SLA_THRESHOLD" value="e85123d0-4bca-4e78-8613-6148edf2a43b"/>
<objectids-entry key="Default zone¤Web Services¤WSDL¤a3a03d6e-fe73-49be-86d0-379742f8eb52" objectid="238" type="SLA_THRESHOLD" value="4ef49997-f409-4f86-a7c2-4e2e11b1f829"/>
<objectids-entry key="Default zone¤Web Services¤WSDL¤a3a03d6e-fe73-49be-86d0-379742f8eb52" objectid="239" type="SLA_THRESHOLD" value="3aa9f488-ba7f-4244-afdc-149f20e393e7"/>
<objectids-entry key="Default zone¤Web Services¤WSDL¤a3a03d6e-fe73-49be-86d0-379742f8eb52" objectid="240" type="SLA_THRESHOLD" value="95a4e089-fa41-4224-9c4a-0a142b9cbb01"/>
<objectids-entry key="Default zone¤Web Services¤WSDL¤a3a03d6e-fe73-49be-86d0-379742f8eb52" objectid="241" type="SLA_THRESHOLD" value="7b776980-e8f1-4532-ae15-6620db706ec4"/>
<objectids-entry key="Default zone¤Web Services¤WSDL¤a3a03d6e-fe73-49be-86d0-379742f8eb52" objectid="242" type="SLA_THRESHOLD" value="55a20943-52e1-42db-a512-c845c9034844"/>
<objectids-entry key="Default zone¤Web Services¤WSDL¤a3a03d6e-fe73-49be-86d0-379742f8eb52" objectid="243" type="SLA_THRESHOLD" value="883d9f3b-b817-4f6e-b6b3-b27a7eadb047"/>
<objectids-entry key="Default zone¤Web Services¤WSDL¤a3a03d6e-fe73-49be-86d0-379742f8eb52" objectid="244" type="SLA_THRESHOLD" value="38e51b01-69bd-4438-bf04-39cfebe5abe4"/>
<objectids-entry key="Default zone¤Web Services¤WSDL¤a3a03d6e-fe73-49be-86d0-379742f8eb52" objectid="245" type="SLA_THRESHOLD" value="62231318-7bd3-420a-a1d4-8f0072160d0f"/>
<objectids-entry key="Default zone¤Web Services¤WSDL¤a3a03d6e-fe73-49be-86d0-379742f8eb52" objectid="246" type="SLA_THRESHOLD" value="d048e9ef-1caf-4cf0-883e-093d194ca97a"/>
<objectids-entry key="Default zone¤Web Services¤WSDL¤d7886bd9-83c4-4e83-8917-bee7c4fbdcdc" objectid="247" type="SLA_THRESHOLD" value="aa7f2662-54d1-4350-9603-3fa6ae27c536"/>
<objectids-entry key="Default zone¤Web Services¤WSDL¤d7886bd9-83c4-4e83-8917-bee7c4fbdcdc" objectid="248" type="SLA_THRESHOLD" value="edf3ea34-0bb3-4c87-846d-1954049a9f32"/>
<objectids-entry key="Default zone¤Web Services¤WSDL¤d7886bd9-83c4-4e83-8917-bee7c4fbdcdc" objectid="249" type="SLA_THRESHOLD" value="02c7e326-295b-4485-82e9-c73b283fbe27"/>
<objectids-entry key="Default zone¤Web Services¤WSDL¤d7886bd9-83c4-4e83-8917-bee7c4fbdcdc" objectid="250" type="SLA_THRESHOLD" value="e0717409-6b2b-4397-bd09-4c70dccdef45"/>
<objectids-entry key="Default zone¤Web Services¤WSDL¤d7886bd9-83c4-4e83-8917-bee7c4fbdcdc" objectid="251" type="SLA_THRESHOLD" value="eb93f0e7-649f-44c7-95a6-0969c8c5c4d4"/>
<objectids-entry key="Default zone¤Web Services¤WSDL¤d7886bd9-83c4-4e83-8917-bee7c4fbdcdc" objectid="252" type="SLA_THRESHOLD" value="e85123d0-4bca-4e78-8613-6148edf2a43b"/>
<objectids-entry key="Default zone¤Web Services¤WSDL¤d7886bd9-83c4-4e83-8917-bee7c4fbdcdc" objectid="253" type="SLA_THRESHOLD" value="4ef49997-f409-4f86-a7c2-4e2e11b1f829"/>
<objectids-entry key="Default zone¤Web Services¤WSDL¤d7886bd9-83c4-4e83-8917-bee7c4fbdcdc" objectid="254" type="SLA_THRESHOLD" value="3aa9f488-ba7f-4244-afdc-149f20e393e7"/>
<objectids-entry key="Default zone¤Web Services¤WSDL¤d7886bd9-83c4-4e83-8917-bee7c4fbdcdc" objectid="255" type="SLA_THRESHOLD" value="95a4e089-fa41-4224-9c4a-0a142b9cbb01"/>
<objectids-entry key="Default zone¤Web Services¤WSDL¤d7886bd9-83c4-4e83-8917-bee7c4fbdcdc" objectid="256" type="SLA_THRESHOLD" value="7b776980-e8f1-4532-ae15-6620db706ec4"/>
<objectids-entry key="Default zone¤Web Services¤WSDL¤d7886bd9-83c4-4e83-8917-bee7c4fbdcdc" objectid="257" type="SLA_THRESHOLD" value="55a20943-52e1-42db-a512-c845c9034844"/>
<objectids-entry key="Default zone¤Web Services¤WSDL¤d7886bd9-83c4-4e83-8917-bee7c4fbdcdc" objectid="258" type="SLA_THRESHOLD" value="883d9f3b-b817-4f6e-b6b3-b27a7eadb047"/>
<objectids-entry key="Default zone¤Web Services¤WSDL¤d7886bd9-83c4-4e83-8917-bee7c4fbdcdc" objectid="259" type="SLA_THRESHOLD" value="38e51b01-69bd-4438-bf04-39cfebe5abe4"/>
<objectids-entry key="Default zone¤Web Services¤WSDL¤d7886bd9-83c4-4e83-8917-bee7c4fbdcdc" objectid="260" type="SLA_THRESHOLD" value="62231318-7bd3-420a-a1d4-8f0072160d0f"/>
<objectids-entry key="Default zone¤Web Services¤WSDL¤d7886bd9-83c4-4e83-8917-bee7c4fbdcdc" objectid="261" type="SLA_THRESHOLD" value="d048e9ef-1caf-4cf0-883e-093d194ca97a"/>
<objectids-entry key="Default zone¤Web Services¤WSDL¤$parent=WSDL;$index=1" objectid="262" type="SLA_THRESHOLD" value="aa7f2662-54d1-4350-9603-3fa6ae27c536"/>
<objectids-entry key="Default zone¤Web Services¤WSDL¤$parent=WSDL;$index=1" objectid="263" type="SLA_THRESHOLD" value="edf3ea34-0bb3-4c87-846d-1954049a9f32"/>
<objectids-entry key="Default zone¤Web Services¤WSDL¤$parent=WSDL;$index=1" objectid="264" type="SLA_THRESHOLD" value="02c7e326-295b-4485-82e9-c73b283fbe27"/>
<objectids-entry key="Default zone¤Web Services¤WSDL¤$parent=WSDL;$index=1" objectid="265" type="SLA_THRESHOLD" value="e0717409-6b2b-4397-bd09-4c70dccdef45"/>
<objectids-entry key="Default zone¤Web Services¤WSDL¤$parent=WSDL;$index=1" objectid="266" type="SLA_THRESHOLD" value="eb93f0e7-649f-44c7-95a6-0969c8c5c4d4"/>
<objectids-entry key="Default zone¤Web Services¤WSDL¤$parent=WSDL;$index=1" objectid="267" type="SLA_THRESHOLD" value="e85123d0-4bca-4e78-8613-6148edf2a43b"/>
<objectids-entry key="Default zone¤Web Services¤WSDL¤$parent=WSDL;$index=1" objectid="268" type="SLA_THRESHOLD" value="4ef49997-f409-4f86-a7c2-4e2e11b1f829"/>
<objectids-entry key="Default zone¤Web Services¤WSDL¤$parent=WSDL;$index=1" objectid="269" type="SLA_THRESHOLD" value="3aa9f488-ba7f-4244-afdc-149f20e393e7"/>
<objectids-entry key="Default zone¤Web Services¤WSDL¤$parent=WSDL;$index=1" objectid="270" type="SLA_THRESHOLD" value="95a4e089-fa41-4224-9c4a-0a142b9cbb01"/>
<objectids-entry key="Default zone¤Web Services¤WSDL¤$parent=WSDL;$index=1" objectid="271" type="SLA_THRESHOLD" value="7b776980-e8f1-4532-ae15-6620db706ec4"/>
<objectids-entry key="Default zone¤Web Services¤WSDL¤$parent=WSDL;$index=1" objectid="272" type="SLA_THRESHOLD" value="55a20943-52e1-42db-a512-c845c9034844"/>
<objectids-entry key="Default zone¤Web Services¤WSDL¤$parent=WSDL;$index=1" objectid="273" type="SLA_THRESHOLD" value="883d9f3b-b817-4f6e-b6b3-b27a7eadb047"/>
<objectids-entry key="Default zone¤Web Services¤WSDL¤$parent=WSDL;$index=1" objectid="274" type="SLA_THRESHOLD" value="38e51b01-69bd-4438-bf04-39cfebe5abe4"/>
<objectids-entry key="Default zone¤Web Services¤WSDL¤$parent=WSDL;$index=1" objectid="275" type="SLA_THRESHOLD" value="62231318-7bd3-420a-a1d4-8f0072160d0f"/>
<objectids-entry key="Default zone¤Web Services¤WSDL¤$parent=WSDL;$index=1" objectid="276" type="SLA_THRESHOLD" value="d048e9ef-1caf-4cf0-883e-093d194ca97a"/>
<objectids-entry key="Default zone¤Web Services¤WSDL" objectid="277" type="BASIC_LOGICAL_CONTAINER" value="$parent=WSDL;$index=2"/>
<objectids-entry key="¤¤" objectid="278" type="MONITORED_HOST" value="NeoLoad"/>
<objectids-entry key="¤¤" objectid="279" type="MONITORCONNECTION" value="NeoLoad$NeoLoad"/>
<objectids-entry key="¤¤" objectid="280" type="MONITOR" value="NeoLoad$NeoLoad$UserLoad"/>
<objectids-entry key="¤¤" objectid="281" type="MONITOR" value="NeoLoad$NeoLoad$throughput"/>
<objectids-entry key="¤¤" objectid="282" type="MONITOR" value="NeoLoad$NeoLoad$Alerts"/>
<objectids-entry key="¤¤" objectid="283" type="MONITOR" value="NeoLoad$NeoLoad$CriticalAlerts"/>
<objectids-entry key="¤¤" objectid="284" type="MONITOR" value="NeoLoad$NeoLoad$WarningAlerts"/>
<objectids-entry key="¤¤" objectid="285" type="MONITOR" value="NeoLoad$NeoLoad$cpu"/>
<objectids-entry key="¤¤" objectid="286" type="THRESHOLD" value="NeoLoad$NeoLoad$e228679e-1c4e-436e-9319-b469ea97581b"/>
<objectids-entry key="¤¤" objectid="287" type="MONITOR" value="NeoLoad$NeoLoad$memory"/>
<objectids-entry key="¤¤" objectid="288" type="THRESHOLD" value="NeoLoad$NeoLoad$349a57bf-6f68-4ee4-939a-bab390b59d47"/>
<objectids-entry key="¤¤" objectid="289" type="MONITOR" value="NeoLoad$NeoLoad$threadcount"/>
<objectids-entry key="¤¤" objectid="290" type="MONITOR" value="NeoLoad$NeoLoad$connectedlg"/>
<objectids-entry key="¤¤" objectid="291" type="MONITOR" value="NeoLoad$NeoLoad$totallgdisconnections"/>
<objectids-entry key="¤¤" objectid="292" type="THRESHOLD" value="NeoLoad$NeoLoad$8e74ab38-8f71-44a0-a921-30b66161878e"/>
<objectids-entry key="¤¤" objectid="293" type="MONITOR" value="NeoLoad$NeoLoad$totallgreconnections"/>
<objectids-entry key="¤¤" objectid="294" type="MONITOR" value="NeoLoad$NeoLoad$otcp.NeoLoad"/>
<objectids-entry key="¤¤" objectid="295" type="MONITOR" value="NeoLoad$NeoLoad$tcp.NeoLoad"/>
<objectids-entry key="¤¤" objectid="296" type="MONITOR" value="NeoLoad$NeoLoad$zoneuserload~Default zone"/>
<objectids-entry key="¤¤" objectid="297" type="MONITORED_HOST" value="LG localhost:7100"/>
<objectids-entry key="¤¤" objectid="298" type="MONITORCONNECTION" value="LG localhost:7100$NeoLoad"/>
<objectids-entry key="¤¤" objectid="299" type="MONITOR" value="LG localhost:7100$NeoLoad$lgcpu.localhost:7100"/>
<objectids-entry key="¤¤" objectid="300" type="THRESHOLD" value="LG localhost:7100$NeoLoad$61bdd2d4-42d9-42a6-a3c6-2608791924d3"/>
<objectids-entry key="¤¤" objectid="301" type="MONITOR" value="LG localhost:7100$NeoLoad$lgmemory.localhost:7100"/>
<objectids-entry key="¤¤" objectid="302" type="THRESHOLD" value="LG localhost:7100$NeoLoad$42dbc3fd-6e21-4eaa-bb0f-4783159de451"/>
<objectids-entry key="¤¤" objectid="303" type="MONITOR" value="LG localhost:7100$NeoLoad$lgthroughput.localhost:7100"/>
<objectids-entry key="¤¤" objectid="304" type="MONITOR" value="LG localhost:7100$NeoLoad$lguserloadperpopulation~localhost:7100"/>
<objectids-entry key="¤¤" objectid="305" type="MONITOR" value="LG localhost:7100$NeoLoad$lgthreadcount.localhost:7100"/>
<objectids-entry key="¤¤" objectid="306" type="MONITOR" value="LG localhost:7100$NeoLoad$lg.jetty.httpclient.threadpool.used.localhost:7100"/>
<objectids-entry key="¤¤" objectid="307" type="MONITOR" value="LG localhost:7100$NeoLoad$lg.jetty.httpclient.taskpool.used.localhost:7100"/>
<objectids-entry key="¤¤" objectid="308" type="THRESHOLD" value="LG localhost:7100$NeoLoad$546262dc-2aa8-4689-8fc6-e396a603c9f2"/>
<objectids-entry key="¤¤" objectid="309" type="MONITOR" value="LG localhost:7100$NeoLoad$lgdisconnections.localhost:7100"/>
<objectids-entry key="¤¤" objectid="310" type="MONITOR" value="LG localhost:7100$NeoLoad$lgreconnections.localhost:7100"/>
<objectids-entry key="¤¤" objectid="311" type="MONITOR" value="LG localhost:7100$NeoLoad$lgping.localhost:7100"/>
<objectids-entry key="¤¤" objectid="312" type="MONITOR" value="LG localhost:7100$NeoLoad$lgotcp.localhost:7100"/>
<objectids-entry key="¤¤" objectid="313" type="MONITOR" value="LG localhost:7100$NeoLoad$lgtcp.localhost:7100"/>
<objectids-entry key="¤¤" objectid="314" type="MONITOR" value="LG localhost:7100$NeoLoad$lguserloadperpopulation~localhost:7100~Web Services"/>
<objectids-entry key="¤¤" objectid="315" type="MONITOR" value="LG localhost:7100$NeoLoad$lguserloadperpopulation~localhost:7100~Web Services~WSDL"/>
</objectids-table>
<!--****** DURATION ******-->
<duration value="600248"/>
<!--****** AGGREGATION PERIOD ******-->
<aggregation-period value="1000"/>
<!--****** EXTENDED STATISTICS ******-->
<truncated-mean centered-interval="true" percentage="90"/>
<percentile percentage="50"/>
</project>
