
	<!DOCTYPE project [
		<!ELEMENT project (objectids-table | current-scenario | duration | aggregation-period | truncated-mean | percentile)* >
	
		<!ELEMENT objectids-table (objectids-entry)* >
		<!ELEMENT objectids-entry (#PCDATA)>
		<!ELEMENT duration (#PCDATA)>
		<!ELEMENT truncated-mean (#PCDATA)>
		<!ELEMENT percentile (#PCDATA)>
		<!ELEMENT aggregation-period (#PCDATA)>
		<!ELEMENT current-scenario (#PCDATA)>
		<!ATTLIST duration
		    value CDATA #REQUIRED>
	    <!ATTLIST aggregation-period
		    value CDATA #REQUIRED>
		<!ATTLIST objectids-entry
		    objectid CDATA #REQUIRED
		    type CDATA #REQUIRED
		    value CDATA #REQUIRED
		    key CDATA #REQUIRED>
		<!ATTLIST truncated-mean
		    centered-interval CDATA #REQUIRED
		    percentage CDATA #REQUIRED>
		 <!ATTLIST percentile
		    percentage CDATA #REQUIRED>
	]>


<!--****** RUNTIME PROJECT ******--><project>
<!--****** CURRENT SCENARIO ******-->
<current-scenario>WebServices</current-scenario>
<!--****** OBJECTIDS ******-->
<objectids-table>
<objectids-entry key="" objectid="0" type="LG_HOST" value="localhost:7100"/>
<objectids-entry key="" objectid="1" type="ZONE" value="Default zone"/>
<objectids-entry key="Default zone¤Test Start¤" objectid="2" type="POPULATION" value="Test Start"/>
<objectids-entry key="Default zone¤Test Start¤AppD - Test Start" objectid="3" type="VIRTUAL_USER" value="AppD - Test Start"/>
<objectids-entry key="Default zone¤Test Start¤AppD - Test Start" objectid="4" type="BASIC_LOGICAL_CONTAINER" value="$parent=AppD - Test Start;$index=0"/>
<objectids-entry key="Default zone¤Test Start¤AppD - Test Start" objectid="5" type="BASIC_LOGICAL_CONTAINER" value="$parent=AppD - Test Start;$index=1"/>
<objectids-entry key="Default zone¤Test Start¤AppD - Test Start" objectid="6" type="HTTP_PAGE" value="fdd72d00-65ca-42e2-9977-14afcd49289f"/>
<objectids-entry key="Default zone¤Test Start¤AppD - Test Start" objectid="7" type="ACTION" value="0a308184-55ce-429f-ab48-500884bb70e8"/>
<objectids-entry key="Default zone¤Test Start¤AppD - Test Start" objectid="8" type="BASIC_LOGICAL_CONTAINER" value="$parent=AppD - Test Start;$index=2"/>
<objectids-entry key="Default zone¤Test Stop¤" objectid="9" type="POPULATION" value="Test Stop"/>
<objectids-entry key="Default zone¤Test Stop¤AppD - Test Stop" objectid="10" type="VIRTUAL_USER" value="AppD - Test Stop"/>
<objectids-entry key="Default zone¤Test Stop¤AppD - Test Stop" objectid="11" type="BASIC_LOGICAL_CONTAINER" value="$parent=AppD - Test Stop;$index=0"/>
<objectids-entry key="Default zone¤Test Stop¤AppD - Test Stop" objectid="12" type="BASIC_LOGICAL_CONTAINER" value="$parent=AppD - Test Stop;$index=1"/>
<objectids-entry key="Default zone¤Test Stop¤AppD - Test Stop" objectid="13" type="HTTP_PAGE" value="d16a0ea3-b4c3-4cc3-8302-b9248599ee44"/>
<objectids-entry key="Default zone¤Test Stop¤AppD - Test Stop" objectid="14" type="ACTION" value="08ee83ae-2bfe-4c05-bfdf-c4c2a478e430"/>
<objectids-entry key="Default zone¤Test Stop¤AppD - Test Stop" objectid="15" type="BASIC_LOGICAL_CONTAINER" value="$parent=AppD - Test Stop;$index=2"/>
<objectids-entry key="Default zone¤Web Services¤" objectid="16" type="POPULATION" value="Web Services"/>
<objectids-entry key="Default zone¤Web Services¤WSDL - bad" objectid="17" type="VIRTUAL_USER" value="WSDL - bad"/>
<objectids-entry key="Default zone¤Web Services¤WSDL - bad" objectid="18" type="BASIC_LOGICAL_CONTAINER" value="$parent=WSDL - bad;$index=0"/>
<objectids-entry key="Default zone¤Web Services¤WSDL - bad" objectid="19" type="BASIC_LOGICAL_CONTAINER" value="$parent=WSDL - bad;$index=1"/>
<objectids-entry key="Default zone¤Web Services¤WSDL - bad" objectid="20" type="ACTION" value="73595df8-cbfe-4e94-9bbf-9c98085f4dd6"/>
<objectids-entry key="Default zone¤Web Services¤WSDL - bad" objectid="21" type="ACTION" value="38f08db2-e4fc-4e76-a0f4-d237849bd3f0"/>
<objectids-entry key="Default zone¤Web Services¤WSDL - bad" objectid="22" type="ACTION" value="49e0312f-3956-47e5-b55a-ae424bdc7f85"/>
<objectids-entry key="Default zone¤Web Services¤WSDL - bad" objectid="23" type="ACTION" value="a9723f49-0414-478b-9e39-b5f091ce938c"/>
<objectids-entry key="Default zone¤Web Services¤WSDL - bad" objectid="24" type="ACTION" value="56f79b17-1e5e-43be-b80c-bfec4728f84c"/>
<objectids-entry key="Default zone¤Web Services¤WSDL - bad" objectid="25" type="ACTION" value="82b84c13-9e73-42eb-bc5a-41f6c216edcf"/>
<objectids-entry key="Default zone¤Web Services¤WSDL - bad" objectid="26" type="ACTION" value="e8c7a349-d65a-452f-8fe1-61129c2fc9bb"/>
<objectids-entry key="Default zone¤Web Services¤WSDL - bad" objectid="27" type="ACTION" value="30b167d5-dd23-46f7-8c2a-7f5da3fc5ce4"/>
<objectids-entry key="Default zone¤Web Services¤WSDL - bad" objectid="28" type="ACTION" value="f9f897cc-512c-4d63-ab7c-3e023c539828"/>
<objectids-entry key="Default zone¤Web Services¤WSDL - bad" objectid="29" type="ACTION" value="42e4b335-c942-4179-9908-5f7ada79a791"/>
<objectids-entry key="Default zone¤Web Services¤WSDL - bad" objectid="30" type="ACTION" value="b83bbd53-f58e-4cd6-85ea-73f79e2258f4"/>
<objectids-entry key="Default zone¤Web Services¤WSDL - bad" objectid="31" type="ACTION" value="9ef1a959-f64f-4764-a2cf-f7f60dab91cb"/>
<objectids-entry key="Default zone¤Web Services¤WSDL - bad" objectid="32" type="ACTION" value="daba8a4e-5eeb-41f8-8b5a-8ea87da978cf"/>
<objectids-entry key="Default zone¤Web Services¤WSDL - bad" objectid="33" type="ACTION" value="aa222572-b12b-412b-895f-6f1ed833febf"/>
<objectids-entry key="Default zone¤Web Services¤WSDL - bad" objectid="34" type="ACTION" value="0581ffff-a94e-42bc-82ba-01605bf4008c"/>
<objectids-entry key="Default zone¤Web Services¤WSDL - bad" objectid="35" type="BASIC_LOGICAL_CONTAINER" value="$parent=WSDL - bad;$index=2"/>
<objectids-entry key="¤¤" objectid="36" type="MONITORED_HOST" value="NeoLoad"/>
<objectids-entry key="¤¤" objectid="37" type="MONITORCONNECTION" value="NeoLoad$NeoLoad"/>
<objectids-entry key="¤¤" objectid="38" type="MONITOR" value="NeoLoad$NeoLoad$UserLoad"/>
<objectids-entry key="¤¤" objectid="39" type="MONITOR" value="NeoLoad$NeoLoad$throughput"/>
<objectids-entry key="¤¤" objectid="40" type="MONITOR" value="NeoLoad$NeoLoad$Alerts"/>
<objectids-entry key="¤¤" objectid="41" type="MONITOR" value="NeoLoad$NeoLoad$CriticalAlerts"/>
<objectids-entry key="¤¤" objectid="42" type="MONITOR" value="NeoLoad$NeoLoad$WarningAlerts"/>
<objectids-entry key="¤¤" objectid="43" type="MONITOR" value="NeoLoad$NeoLoad$cpu"/>
<objectids-entry key="¤¤" objectid="44" type="THRESHOLD" value="NeoLoad$NeoLoad$1bc5c2e9-8153-4cc6-be1d-ee868531ce52"/>
<objectids-entry key="¤¤" objectid="45" type="MONITOR" value="NeoLoad$NeoLoad$memory"/>
<objectids-entry key="¤¤" objectid="46" type="THRESHOLD" value="NeoLoad$NeoLoad$e92c95a2-27e1-4cdc-9d03-81ac8f91b202"/>
<objectids-entry key="¤¤" objectid="47" type="MONITOR" value="NeoLoad$NeoLoad$threadcount"/>
<objectids-entry key="¤¤" objectid="48" type="MONITOR" value="NeoLoad$NeoLoad$connectedlg"/>
<objectids-entry key="¤¤" objectid="49" type="MONITOR" value="NeoLoad$NeoLoad$totallgdisconnections"/>
<objectids-entry key="¤¤" objectid="50" type="THRESHOLD" value="NeoLoad$NeoLoad$14bea9d5-228c-4a5b-b315-0d3774c991f9"/>
<objectids-entry key="¤¤" objectid="51" type="MONITOR" value="NeoLoad$NeoLoad$totallgreconnections"/>
<objectids-entry key="¤¤" objectid="52" type="MONITOR" value="NeoLoad$NeoLoad$otcp.NeoLoad"/>
<objectids-entry key="¤¤" objectid="53" type="MONITOR" value="NeoLoad$NeoLoad$tcp.NeoLoad"/>
<objectids-entry key="¤¤" objectid="54" type="MONITOR" value="NeoLoad$NeoLoad$ibytesperinterface~NeoLoad~wlan1"/>
<objectids-entry key="¤¤" objectid="55" type="MONITOR" value="NeoLoad$NeoLoad$obytesperinterface~NeoLoad~wlan1"/>
<objectids-entry key="¤¤" objectid="56" type="MONITOR" value="NeoLoad$NeoLoad$ibytesperinterface~NeoLoad~wlan0"/>
<objectids-entry key="¤¤" objectid="57" type="MONITOR" value="NeoLoad$NeoLoad$obytesperinterface~NeoLoad~wlan0"/>
<objectids-entry key="¤¤" objectid="58" type="MONITOR" value="NeoLoad$NeoLoad$ibytesperinterface~NeoLoad~eth3"/>
<objectids-entry key="¤¤" objectid="59" type="MONITOR" value="NeoLoad$NeoLoad$obytesperinterface~NeoLoad~eth3"/>
<objectids-entry key="¤¤" objectid="60" type="MONITOR" value="NeoLoad$NeoLoad$ibytesperinterface~NeoLoad~eth1"/>
<objectids-entry key="¤¤" objectid="61" type="MONITOR" value="NeoLoad$NeoLoad$obytesperinterface~NeoLoad~eth1"/>
<objectids-entry key="¤¤" objectid="62" type="MONITOR" value="NeoLoad$NeoLoad$zoneuserload~Default zone"/>
<objectids-entry key="¤¤" objectid="63" type="MONITORED_HOST" value="LG localhost:7100"/>
<objectids-entry key="¤¤" objectid="64" type="MONITORCONNECTION" value="LG localhost:7100$NeoLoad"/>
<objectids-entry key="¤¤" objectid="65" type="MONITOR" value="LG localhost:7100$NeoLoad$lgcpu.localhost:7100"/>
<objectids-entry key="¤¤" objectid="66" type="THRESHOLD" value="LG localhost:7100$NeoLoad$a6e88843-20de-41ba-8a84-fc0f776e0d46"/>
<objectids-entry key="¤¤" objectid="67" type="MONITOR" value="LG localhost:7100$NeoLoad$lgmemory.localhost:7100"/>
<objectids-entry key="¤¤" objectid="68" type="THRESHOLD" value="LG localhost:7100$NeoLoad$e7b35584-115f-431e-aada-f11936dc2f73"/>
<objectids-entry key="¤¤" objectid="69" type="MONITOR" value="LG localhost:7100$NeoLoad$lgthroughput.localhost:7100"/>
<objectids-entry key="¤¤" objectid="70" type="MONITOR" value="LG localhost:7100$NeoLoad$lguserloadperpopulation~localhost:7100"/>
<objectids-entry key="¤¤" objectid="71" type="MONITOR" value="LG localhost:7100$NeoLoad$lgthreadcount.localhost:7100"/>
<objectids-entry key="¤¤" objectid="72" type="MONITOR" value="LG localhost:7100$NeoLoad$lg.jetty.httpclient.threadpool.used.localhost:7100"/>
<objectids-entry key="¤¤" objectid="73" type="MONITOR" value="LG localhost:7100$NeoLoad$lg.jetty.httpclient.taskpool.used.localhost:7100"/>
<objectids-entry key="¤¤" objectid="74" type="THRESHOLD" value="LG localhost:7100$NeoLoad$e1c42e67-5cf9-40e2-9c5e-07a43bf5acf4"/>
<objectids-entry key="¤¤" objectid="75" type="MONITOR" value="LG localhost:7100$NeoLoad$lgdisconnections.localhost:7100"/>
<objectids-entry key="¤¤" objectid="76" type="MONITOR" value="LG localhost:7100$NeoLoad$lgreconnections.localhost:7100"/>
<objectids-entry key="¤¤" objectid="77" type="MONITOR" value="LG localhost:7100$NeoLoad$lgping.localhost:7100"/>
<objectids-entry key="¤¤" objectid="78" type="MONITOR" value="LG localhost:7100$NeoLoad$lgotcp.localhost:7100"/>
<objectids-entry key="¤¤" objectid="79" type="MONITOR" value="LG localhost:7100$NeoLoad$lgtcp.localhost:7100"/>
<objectids-entry key="¤¤" objectid="80" type="MONITOR" value="LG localhost:7100$NeoLoad$lgibytesperinterface~localhost:7100~wlan1"/>
<objectids-entry key="¤¤" objectid="81" type="MONITOR" value="LG localhost:7100$NeoLoad$lgobytesperinterface~localhost:7100~wlan1"/>
<objectids-entry key="¤¤" objectid="82" type="MONITOR" value="LG localhost:7100$NeoLoad$lgibytesperinterface~localhost:7100~wlan0"/>
<objectids-entry key="¤¤" objectid="83" type="MONITOR" value="LG localhost:7100$NeoLoad$lgobytesperinterface~localhost:7100~wlan0"/>
<objectids-entry key="¤¤" objectid="84" type="MONITOR" value="LG localhost:7100$NeoLoad$lgibytesperinterface~localhost:7100~eth3"/>
<objectids-entry key="¤¤" objectid="85" type="MONITOR" value="LG localhost:7100$NeoLoad$lgobytesperinterface~localhost:7100~eth3"/>
<objectids-entry key="¤¤" objectid="86" type="MONITOR" value="LG localhost:7100$NeoLoad$lgibytesperinterface~localhost:7100~eth1"/>
<objectids-entry key="¤¤" objectid="87" type="MONITOR" value="LG localhost:7100$NeoLoad$lgobytesperinterface~localhost:7100~eth1"/>
<objectids-entry key="¤¤" objectid="88" type="MONITOR" value="LG localhost:7100$NeoLoad$lguserloadperpopulation~localhost:7100~Test Start"/>
<objectids-entry key="¤¤" objectid="89" type="MONITOR" value="LG localhost:7100$NeoLoad$lguserloadperpopulation~localhost:7100~Test Start~AppD - Test Start"/>
<objectids-entry key="¤¤" objectid="90" type="MONITOR" value="LG localhost:7100$NeoLoad$lguserloadperpopulation~localhost:7100~Test Stop"/>
<objectids-entry key="¤¤" objectid="91" type="MONITOR" value="LG localhost:7100$NeoLoad$lguserloadperpopulation~localhost:7100~Test Stop~AppD - Test Stop"/>
<objectids-entry key="¤¤" objectid="92" type="MONITOR" value="LG localhost:7100$NeoLoad$lguserloadperpopulation~localhost:7100~Web Services"/>
<objectids-entry key="¤¤" objectid="93" type="MONITOR" value="LG localhost:7100$NeoLoad$lguserloadperpopulation~localhost:7100~Web Services~WSDL - bad"/>
</objectids-table>
<!--****** DURATION ******-->
<duration value="600101"/>
<!--****** AGGREGATION PERIOD ******-->
<aggregation-period value="5000"/>
<!--****** EXTENDED STATISTICS ******-->
<truncated-mean centered-interval="true" percentage="90"/>
<percentile percentage="50"/>
</project>
