
	<!DOCTYPE project [
		<!ELEMENT project (objectids-table | current-scenario | duration | aggregation-period | truncated-mean | percentile)* >
	
		<!ELEMENT objectids-table (objectids-entry)* >
		<!ELEMENT objectids-entry (#PCDATA)>
		<!ELEMENT duration (#PCDATA)>
		<!ELEMENT truncated-mean (#PCDATA)>
		<!ELEMENT percentile (#PCDATA)>
		<!ELEMENT aggregation-period (#PCDATA)>
		<!ELEMENT current-scenario (#PCDATA)>
		<!ATTLIST duration
		    value CDATA #REQUIRED>
	    <!ATTLIST aggregation-period
		    value CDATA #REQUIRED>
		<!ATTLIST objectids-entry
		    objectid CDATA #REQUIRED
		    type CDATA #REQUIRED
		    value CDATA #REQUIRED
		    key CDATA #REQUIRED>
		<!ATTLIST truncated-mean
		    centered-interval CDATA #REQUIRED
		    percentage CDATA #REQUIRED>
		 <!ATTLIST percentile
		    percentage CDATA #REQUIRED>
	]>


<!--****** RUNTIME PROJECT ******--><project>
<!--****** CURRENT SCENARIO ******-->
<current-scenario>WebServices</current-scenario>
<!--****** OBJECTIDS ******-->
<objectids-table>
<objectids-entry key="" objectid="0" type="LG_HOST" value="localhost:7100"/>
<objectids-entry key="" objectid="1" type="ZONE" value="Default zone"/>
<objectids-entry key="Default zone¤Test Start¤" objectid="2" type="POPULATION" value="Test Start"/>
<objectids-entry key="Default zone¤Test Start¤AppD - Test Start" objectid="3" type="VIRTUAL_USER" value="AppD - Test Start"/>
<objectids-entry key="Default zone¤Test Start¤AppD - Test Start" objectid="4" type="BASIC_LOGICAL_CONTAINER" value="$parent=AppD - Test Start;$index=0"/>
<objectids-entry key="Default zone¤Test Start¤AppD - Test Start" objectid="5" type="BASIC_LOGICAL_CONTAINER" value="$parent=AppD - Test Start;$index=1"/>
<objectids-entry key="Default zone¤Test Start¤AppD - Test Start" objectid="6" type="HTTP_PAGE" value="fdd72d00-65ca-42e2-9977-14afcd49289f"/>
<objectids-entry key="Default zone¤Test Start¤AppD - Test Start" objectid="7" type="ACTION" value="0a308184-55ce-429f-ab48-500884bb70e8"/>
<objectids-entry key="Default zone¤Test Start¤AppD - Test Start" objectid="8" type="BASIC_LOGICAL_CONTAINER" value="$parent=AppD - Test Start;$index=2"/>
<objectids-entry key="Default zone¤Test Stop¤" objectid="9" type="POPULATION" value="Test Stop"/>
<objectids-entry key="Default zone¤Test Stop¤AppD - Test Stop" objectid="10" type="VIRTUAL_USER" value="AppD - Test Stop"/>
<objectids-entry key="Default zone¤Test Stop¤AppD - Test Stop" objectid="11" type="BASIC_LOGICAL_CONTAINER" value="$parent=AppD - Test Stop;$index=0"/>
<objectids-entry key="Default zone¤Test Stop¤AppD - Test Stop" objectid="12" type="BASIC_LOGICAL_CONTAINER" value="$parent=AppD - Test Stop;$index=1"/>
<objectids-entry key="Default zone¤Test Stop¤AppD - Test Stop" objectid="13" type="HTTP_PAGE" value="d16a0ea3-b4c3-4cc3-8302-b9248599ee44"/>
<objectids-entry key="Default zone¤Test Stop¤AppD - Test Stop" objectid="14" type="ACTION" value="08ee83ae-2bfe-4c05-bfdf-c4c2a478e430"/>
<objectids-entry key="Default zone¤Test Stop¤AppD - Test Stop" objectid="15" type="BASIC_LOGICAL_CONTAINER" value="$parent=AppD - Test Stop;$index=2"/>
<objectids-entry key="Default zone¤Web Services¤" objectid="16" type="POPULATION" value="Web Services"/>
<objectids-entry key="Default zone¤Web Services¤WSDL - good" objectid="17" type="VIRTUAL_USER" value="WSDL - good"/>
<objectids-entry key="Default zone¤Web Services¤WSDL - good" objectid="18" type="BASIC_LOGICAL_CONTAINER" value="$parent=WSDL - good;$index=0"/>
<objectids-entry key="Default zone¤Web Services¤WSDL - good" objectid="19" type="BASIC_LOGICAL_CONTAINER" value="$parent=WSDL - good;$index=1"/>
<objectids-entry key="Default zone¤Web Services¤WSDL - good" objectid="20" type="BASIC_LOGICAL_CONTAINER" value="b278d237-21f1-4f0b-a40a-3fe7b0b3d81d"/>
<objectids-entry key="Default zone¤Web Services¤WSDL - good" objectid="21" type="ACTION" value="a6ecd012-5703-4c43-b53e-78d9c8c9fc03"/>
<objectids-entry key="Default zone¤Web Services¤WSDL - good" objectid="22" type="BASIC_LOGICAL_CONTAINER" value="7c06983f-61a8-4e35-9930-ab7569a278e5"/>
<objectids-entry key="Default zone¤Web Services¤WSDL - good" objectid="23" type="BASIC_LOGICAL_CONTAINER" value="768b250a-4e97-43c0-a67a-7b9986441b9f"/>
<objectids-entry key="Default zone¤Web Services¤WSDL - good" objectid="24" type="ACTION" value="ab90d44d-0b51-434b-b690-63998b5bff4d"/>
<objectids-entry key="Default zone¤Web Services¤WSDL - good¤768b250a-4e97-43c0-a67a-7b9986441b9f" objectid="25" type="SLA_THRESHOLD" value="aa7f2662-54d1-4350-9603-3fa6ae27c536"/>
<objectids-entry key="Default zone¤Web Services¤WSDL - good¤768b250a-4e97-43c0-a67a-7b9986441b9f" objectid="26" type="SLA_THRESHOLD" value="edf3ea34-0bb3-4c87-846d-1954049a9f32"/>
<objectids-entry key="Default zone¤Web Services¤WSDL - good¤768b250a-4e97-43c0-a67a-7b9986441b9f" objectid="27" type="SLA_THRESHOLD" value="02c7e326-295b-4485-82e9-c73b283fbe27"/>
<objectids-entry key="Default zone¤Web Services¤WSDL - good¤768b250a-4e97-43c0-a67a-7b9986441b9f" objectid="28" type="SLA_THRESHOLD" value="e0717409-6b2b-4397-bd09-4c70dccdef45"/>
<objectids-entry key="Default zone¤Web Services¤WSDL - good¤768b250a-4e97-43c0-a67a-7b9986441b9f" objectid="29" type="SLA_THRESHOLD" value="eb93f0e7-649f-44c7-95a6-0969c8c5c4d4"/>
<objectids-entry key="Default zone¤Web Services¤WSDL - good¤768b250a-4e97-43c0-a67a-7b9986441b9f" objectid="30" type="SLA_THRESHOLD" value="e85123d0-4bca-4e78-8613-6148edf2a43b"/>
<objectids-entry key="Default zone¤Web Services¤WSDL - good¤768b250a-4e97-43c0-a67a-7b9986441b9f" objectid="31" type="SLA_THRESHOLD" value="4ef49997-f409-4f86-a7c2-4e2e11b1f829"/>
<objectids-entry key="Default zone¤Web Services¤WSDL - good¤768b250a-4e97-43c0-a67a-7b9986441b9f" objectid="32" type="SLA_THRESHOLD" value="3aa9f488-ba7f-4244-afdc-149f20e393e7"/>
<objectids-entry key="Default zone¤Web Services¤WSDL - good¤768b250a-4e97-43c0-a67a-7b9986441b9f" objectid="33" type="SLA_THRESHOLD" value="95a4e089-fa41-4224-9c4a-0a142b9cbb01"/>
<objectids-entry key="Default zone¤Web Services¤WSDL - good¤768b250a-4e97-43c0-a67a-7b9986441b9f" objectid="34" type="SLA_THRESHOLD" value="7b776980-e8f1-4532-ae15-6620db706ec4"/>
<objectids-entry key="Default zone¤Web Services¤WSDL - good¤768b250a-4e97-43c0-a67a-7b9986441b9f" objectid="35" type="SLA_THRESHOLD" value="55a20943-52e1-42db-a512-c845c9034844"/>
<objectids-entry key="Default zone¤Web Services¤WSDL - good¤768b250a-4e97-43c0-a67a-7b9986441b9f" objectid="36" type="SLA_THRESHOLD" value="883d9f3b-b817-4f6e-b6b3-b27a7eadb047"/>
<objectids-entry key="Default zone¤Web Services¤WSDL - good¤768b250a-4e97-43c0-a67a-7b9986441b9f" objectid="37" type="SLA_THRESHOLD" value="38e51b01-69bd-4438-bf04-39cfebe5abe4"/>
<objectids-entry key="Default zone¤Web Services¤WSDL - good¤768b250a-4e97-43c0-a67a-7b9986441b9f" objectid="38" type="SLA_THRESHOLD" value="62231318-7bd3-420a-a1d4-8f0072160d0f"/>
<objectids-entry key="Default zone¤Web Services¤WSDL - good¤768b250a-4e97-43c0-a67a-7b9986441b9f" objectid="39" type="SLA_THRESHOLD" value="d048e9ef-1caf-4cf0-883e-093d194ca97a"/>
<objectids-entry key="Default zone¤Web Services¤WSDL - good" objectid="40" type="BASIC_LOGICAL_CONTAINER" value="8eb9ff5f-0dfd-4add-9eaf-76e803a1e484"/>
<objectids-entry key="Default zone¤Web Services¤WSDL - good" objectid="41" type="ACTION" value="5fd27530-dc3b-4820-9e7c-e5148316172b"/>
<objectids-entry key="Default zone¤Web Services¤WSDL - good¤8eb9ff5f-0dfd-4add-9eaf-76e803a1e484" objectid="42" type="SLA_THRESHOLD" value="aa7f2662-54d1-4350-9603-3fa6ae27c536"/>
<objectids-entry key="Default zone¤Web Services¤WSDL - good¤8eb9ff5f-0dfd-4add-9eaf-76e803a1e484" objectid="43" type="SLA_THRESHOLD" value="edf3ea34-0bb3-4c87-846d-1954049a9f32"/>
<objectids-entry key="Default zone¤Web Services¤WSDL - good¤8eb9ff5f-0dfd-4add-9eaf-76e803a1e484" objectid="44" type="SLA_THRESHOLD" value="02c7e326-295b-4485-82e9-c73b283fbe27"/>
<objectids-entry key="Default zone¤Web Services¤WSDL - good¤8eb9ff5f-0dfd-4add-9eaf-76e803a1e484" objectid="45" type="SLA_THRESHOLD" value="e0717409-6b2b-4397-bd09-4c70dccdef45"/>
<objectids-entry key="Default zone¤Web Services¤WSDL - good¤8eb9ff5f-0dfd-4add-9eaf-76e803a1e484" objectid="46" type="SLA_THRESHOLD" value="eb93f0e7-649f-44c7-95a6-0969c8c5c4d4"/>
<objectids-entry key="Default zone¤Web Services¤WSDL - good¤8eb9ff5f-0dfd-4add-9eaf-76e803a1e484" objectid="47" type="SLA_THRESHOLD" value="e85123d0-4bca-4e78-8613-6148edf2a43b"/>
<objectids-entry key="Default zone¤Web Services¤WSDL - good¤8eb9ff5f-0dfd-4add-9eaf-76e803a1e484" objectid="48" type="SLA_THRESHOLD" value="4ef49997-f409-4f86-a7c2-4e2e11b1f829"/>
<objectids-entry key="Default zone¤Web Services¤WSDL - good¤8eb9ff5f-0dfd-4add-9eaf-76e803a1e484" objectid="49" type="SLA_THRESHOLD" value="3aa9f488-ba7f-4244-afdc-149f20e393e7"/>
<objectids-entry key="Default zone¤Web Services¤WSDL - good¤8eb9ff5f-0dfd-4add-9eaf-76e803a1e484" objectid="50" type="SLA_THRESHOLD" value="95a4e089-fa41-4224-9c4a-0a142b9cbb01"/>
<objectids-entry key="Default zone¤Web Services¤WSDL - good¤8eb9ff5f-0dfd-4add-9eaf-76e803a1e484" objectid="51" type="SLA_THRESHOLD" value="7b776980-e8f1-4532-ae15-6620db706ec4"/>
<objectids-entry key="Default zone¤Web Services¤WSDL - good¤8eb9ff5f-0dfd-4add-9eaf-76e803a1e484" objectid="52" type="SLA_THRESHOLD" value="55a20943-52e1-42db-a512-c845c9034844"/>
<objectids-entry key="Default zone¤Web Services¤WSDL - good¤8eb9ff5f-0dfd-4add-9eaf-76e803a1e484" objectid="53" type="SLA_THRESHOLD" value="883d9f3b-b817-4f6e-b6b3-b27a7eadb047"/>
<objectids-entry key="Default zone¤Web Services¤WSDL - good¤8eb9ff5f-0dfd-4add-9eaf-76e803a1e484" objectid="54" type="SLA_THRESHOLD" value="38e51b01-69bd-4438-bf04-39cfebe5abe4"/>
<objectids-entry key="Default zone¤Web Services¤WSDL - good¤8eb9ff5f-0dfd-4add-9eaf-76e803a1e484" objectid="55" type="SLA_THRESHOLD" value="62231318-7bd3-420a-a1d4-8f0072160d0f"/>
<objectids-entry key="Default zone¤Web Services¤WSDL - good¤8eb9ff5f-0dfd-4add-9eaf-76e803a1e484" objectid="56" type="SLA_THRESHOLD" value="d048e9ef-1caf-4cf0-883e-093d194ca97a"/>
<objectids-entry key="Default zone¤Web Services¤WSDL - good" objectid="57" type="BASIC_LOGICAL_CONTAINER" value="2f19aa44-e1c9-4b5b-9a08-bf0cbe3fee2c"/>
<objectids-entry key="Default zone¤Web Services¤WSDL - good" objectid="58" type="ACTION" value="5a836a07-7554-4f0e-bc42-5f67d075292b"/>
<objectids-entry key="Default zone¤Web Services¤WSDL - good¤2f19aa44-e1c9-4b5b-9a08-bf0cbe3fee2c" objectid="59" type="SLA_THRESHOLD" value="aa7f2662-54d1-4350-9603-3fa6ae27c536"/>
<objectids-entry key="Default zone¤Web Services¤WSDL - good¤2f19aa44-e1c9-4b5b-9a08-bf0cbe3fee2c" objectid="60" type="SLA_THRESHOLD" value="edf3ea34-0bb3-4c87-846d-1954049a9f32"/>
<objectids-entry key="Default zone¤Web Services¤WSDL - good¤2f19aa44-e1c9-4b5b-9a08-bf0cbe3fee2c" objectid="61" type="SLA_THRESHOLD" value="02c7e326-295b-4485-82e9-c73b283fbe27"/>
<objectids-entry key="Default zone¤Web Services¤WSDL - good¤2f19aa44-e1c9-4b5b-9a08-bf0cbe3fee2c" objectid="62" type="SLA_THRESHOLD" value="e0717409-6b2b-4397-bd09-4c70dccdef45"/>
<objectids-entry key="Default zone¤Web Services¤WSDL - good¤2f19aa44-e1c9-4b5b-9a08-bf0cbe3fee2c" objectid="63" type="SLA_THRESHOLD" value="eb93f0e7-649f-44c7-95a6-0969c8c5c4d4"/>
<objectids-entry key="Default zone¤Web Services¤WSDL - good¤2f19aa44-e1c9-4b5b-9a08-bf0cbe3fee2c" objectid="64" type="SLA_THRESHOLD" value="e85123d0-4bca-4e78-8613-6148edf2a43b"/>
<objectids-entry key="Default zone¤Web Services¤WSDL - good¤2f19aa44-e1c9-4b5b-9a08-bf0cbe3fee2c" objectid="65" type="SLA_THRESHOLD" value="4ef49997-f409-4f86-a7c2-4e2e11b1f829"/>
<objectids-entry key="Default zone¤Web Services¤WSDL - good¤2f19aa44-e1c9-4b5b-9a08-bf0cbe3fee2c" objectid="66" type="SLA_THRESHOLD" value="3aa9f488-ba7f-4244-afdc-149f20e393e7"/>
<objectids-entry key="Default zone¤Web Services¤WSDL - good¤2f19aa44-e1c9-4b5b-9a08-bf0cbe3fee2c" objectid="67" type="SLA_THRESHOLD" value="95a4e089-fa41-4224-9c4a-0a142b9cbb01"/>
<objectids-entry key="Default zone¤Web Services¤WSDL - good¤2f19aa44-e1c9-4b5b-9a08-bf0cbe3fee2c" objectid="68" type="SLA_THRESHOLD" value="7b776980-e8f1-4532-ae15-6620db706ec4"/>
<objectids-entry key="Default zone¤Web Services¤WSDL - good¤2f19aa44-e1c9-4b5b-9a08-bf0cbe3fee2c" objectid="69" type="SLA_THRESHOLD" value="55a20943-52e1-42db-a512-c845c9034844"/>
<objectids-entry key="Default zone¤Web Services¤WSDL - good¤2f19aa44-e1c9-4b5b-9a08-bf0cbe3fee2c" objectid="70" type="SLA_THRESHOLD" value="883d9f3b-b817-4f6e-b6b3-b27a7eadb047"/>
<objectids-entry key="Default zone¤Web Services¤WSDL - good¤2f19aa44-e1c9-4b5b-9a08-bf0cbe3fee2c" objectid="71" type="SLA_THRESHOLD" value="38e51b01-69bd-4438-bf04-39cfebe5abe4"/>
<objectids-entry key="Default zone¤Web Services¤WSDL - good¤2f19aa44-e1c9-4b5b-9a08-bf0cbe3fee2c" objectid="72" type="SLA_THRESHOLD" value="62231318-7bd3-420a-a1d4-8f0072160d0f"/>
<objectids-entry key="Default zone¤Web Services¤WSDL - good¤2f19aa44-e1c9-4b5b-9a08-bf0cbe3fee2c" objectid="73" type="SLA_THRESHOLD" value="d048e9ef-1caf-4cf0-883e-093d194ca97a"/>
<objectids-entry key="Default zone¤Web Services¤WSDL - good" objectid="74" type="BASIC_LOGICAL_CONTAINER" value="a2b6095f-73fa-4a23-bfaf-0d23250567d3"/>
<objectids-entry key="Default zone¤Web Services¤WSDL - good" objectid="75" type="ACTION" value="1307bc8f-87af-4759-8648-4d46703f3cc1"/>
<objectids-entry key="Default zone¤Web Services¤WSDL - good¤a2b6095f-73fa-4a23-bfaf-0d23250567d3" objectid="76" type="SLA_THRESHOLD" value="aa7f2662-54d1-4350-9603-3fa6ae27c536"/>
<objectids-entry key="Default zone¤Web Services¤WSDL - good¤a2b6095f-73fa-4a23-bfaf-0d23250567d3" objectid="77" type="SLA_THRESHOLD" value="edf3ea34-0bb3-4c87-846d-1954049a9f32"/>
<objectids-entry key="Default zone¤Web Services¤WSDL - good¤a2b6095f-73fa-4a23-bfaf-0d23250567d3" objectid="78" type="SLA_THRESHOLD" value="02c7e326-295b-4485-82e9-c73b283fbe27"/>
<objectids-entry key="Default zone¤Web Services¤WSDL - good¤a2b6095f-73fa-4a23-bfaf-0d23250567d3" objectid="79" type="SLA_THRESHOLD" value="e0717409-6b2b-4397-bd09-4c70dccdef45"/>
<objectids-entry key="Default zone¤Web Services¤WSDL - good¤a2b6095f-73fa-4a23-bfaf-0d23250567d3" objectid="80" type="SLA_THRESHOLD" value="eb93f0e7-649f-44c7-95a6-0969c8c5c4d4"/>
<objectids-entry key="Default zone¤Web Services¤WSDL - good¤a2b6095f-73fa-4a23-bfaf-0d23250567d3" objectid="81" type="SLA_THRESHOLD" value="e85123d0-4bca-4e78-8613-6148edf2a43b"/>
<objectids-entry key="Default zone¤Web Services¤WSDL - good¤a2b6095f-73fa-4a23-bfaf-0d23250567d3" objectid="82" type="SLA_THRESHOLD" value="4ef49997-f409-4f86-a7c2-4e2e11b1f829"/>
<objectids-entry key="Default zone¤Web Services¤WSDL - good¤a2b6095f-73fa-4a23-bfaf-0d23250567d3" objectid="83" type="SLA_THRESHOLD" value="3aa9f488-ba7f-4244-afdc-149f20e393e7"/>
<objectids-entry key="Default zone¤Web Services¤WSDL - good¤a2b6095f-73fa-4a23-bfaf-0d23250567d3" objectid="84" type="SLA_THRESHOLD" value="95a4e089-fa41-4224-9c4a-0a142b9cbb01"/>
<objectids-entry key="Default zone¤Web Services¤WSDL - good¤a2b6095f-73fa-4a23-bfaf-0d23250567d3" objectid="85" type="SLA_THRESHOLD" value="7b776980-e8f1-4532-ae15-6620db706ec4"/>
<objectids-entry key="Default zone¤Web Services¤WSDL - good¤a2b6095f-73fa-4a23-bfaf-0d23250567d3" objectid="86" type="SLA_THRESHOLD" value="55a20943-52e1-42db-a512-c845c9034844"/>
<objectids-entry key="Default zone¤Web Services¤WSDL - good¤a2b6095f-73fa-4a23-bfaf-0d23250567d3" objectid="87" type="SLA_THRESHOLD" value="883d9f3b-b817-4f6e-b6b3-b27a7eadb047"/>
<objectids-entry key="Default zone¤Web Services¤WSDL - good¤a2b6095f-73fa-4a23-bfaf-0d23250567d3" objectid="88" type="SLA_THRESHOLD" value="38e51b01-69bd-4438-bf04-39cfebe5abe4"/>
<objectids-entry key="Default zone¤Web Services¤WSDL - good¤a2b6095f-73fa-4a23-bfaf-0d23250567d3" objectid="89" type="SLA_THRESHOLD" value="62231318-7bd3-420a-a1d4-8f0072160d0f"/>
<objectids-entry key="Default zone¤Web Services¤WSDL - good¤a2b6095f-73fa-4a23-bfaf-0d23250567d3" objectid="90" type="SLA_THRESHOLD" value="d048e9ef-1caf-4cf0-883e-093d194ca97a"/>
<objectids-entry key="Default zone¤Web Services¤WSDL - good" objectid="91" type="BASIC_LOGICAL_CONTAINER" value="2b8edeb7-95b3-4606-99ae-9e25edf05412"/>
<objectids-entry key="Default zone¤Web Services¤WSDL - good" objectid="92" type="ACTION" value="dbdf94d2-ff13-4de1-8c6b-c6b8798afc5b"/>
<objectids-entry key="Default zone¤Web Services¤WSDL - good¤2b8edeb7-95b3-4606-99ae-9e25edf05412" objectid="93" type="SLA_THRESHOLD" value="aa7f2662-54d1-4350-9603-3fa6ae27c536"/>
<objectids-entry key="Default zone¤Web Services¤WSDL - good¤2b8edeb7-95b3-4606-99ae-9e25edf05412" objectid="94" type="SLA_THRESHOLD" value="edf3ea34-0bb3-4c87-846d-1954049a9f32"/>
<objectids-entry key="Default zone¤Web Services¤WSDL - good¤2b8edeb7-95b3-4606-99ae-9e25edf05412" objectid="95" type="SLA_THRESHOLD" value="02c7e326-295b-4485-82e9-c73b283fbe27"/>
<objectids-entry key="Default zone¤Web Services¤WSDL - good¤2b8edeb7-95b3-4606-99ae-9e25edf05412" objectid="96" type="SLA_THRESHOLD" value="e0717409-6b2b-4397-bd09-4c70dccdef45"/>
<objectids-entry key="Default zone¤Web Services¤WSDL - good¤2b8edeb7-95b3-4606-99ae-9e25edf05412" objectid="97" type="SLA_THRESHOLD" value="eb93f0e7-649f-44c7-95a6-0969c8c5c4d4"/>
<objectids-entry key="Default zone¤Web Services¤WSDL - good¤2b8edeb7-95b3-4606-99ae-9e25edf05412" objectid="98" type="SLA_THRESHOLD" value="e85123d0-4bca-4e78-8613-6148edf2a43b"/>
<objectids-entry key="Default zone¤Web Services¤WSDL - good¤2b8edeb7-95b3-4606-99ae-9e25edf05412" objectid="99" type="SLA_THRESHOLD" value="4ef49997-f409-4f86-a7c2-4e2e11b1f829"/>
<objectids-entry key="Default zone¤Web Services¤WSDL - good¤2b8edeb7-95b3-4606-99ae-9e25edf05412" objectid="100" type="SLA_THRESHOLD" value="3aa9f488-ba7f-4244-afdc-149f20e393e7"/>
<objectids-entry key="Default zone¤Web Services¤WSDL - good¤2b8edeb7-95b3-4606-99ae-9e25edf05412" objectid="101" type="SLA_THRESHOLD" value="95a4e089-fa41-4224-9c4a-0a142b9cbb01"/>
<objectids-entry key="Default zone¤Web Services¤WSDL - good¤2b8edeb7-95b3-4606-99ae-9e25edf05412" objectid="102" type="SLA_THRESHOLD" value="7b776980-e8f1-4532-ae15-6620db706ec4"/>
<objectids-entry key="Default zone¤Web Services¤WSDL - good¤2b8edeb7-95b3-4606-99ae-9e25edf05412" objectid="103" type="SLA_THRESHOLD" value="55a20943-52e1-42db-a512-c845c9034844"/>
<objectids-entry key="Default zone¤Web Services¤WSDL - good¤2b8edeb7-95b3-4606-99ae-9e25edf05412" objectid="104" type="SLA_THRESHOLD" value="883d9f3b-b817-4f6e-b6b3-b27a7eadb047"/>
<objectids-entry key="Default zone¤Web Services¤WSDL - good¤2b8edeb7-95b3-4606-99ae-9e25edf05412" objectid="105" type="SLA_THRESHOLD" value="38e51b01-69bd-4438-bf04-39cfebe5abe4"/>
<objectids-entry key="Default zone¤Web Services¤WSDL - good¤2b8edeb7-95b3-4606-99ae-9e25edf05412" objectid="106" type="SLA_THRESHOLD" value="62231318-7bd3-420a-a1d4-8f0072160d0f"/>
<objectids-entry key="Default zone¤Web Services¤WSDL - good¤2b8edeb7-95b3-4606-99ae-9e25edf05412" objectid="107" type="SLA_THRESHOLD" value="d048e9ef-1caf-4cf0-883e-093d194ca97a"/>
<objectids-entry key="Default zone¤Web Services¤WSDL - good" objectid="108" type="BASIC_LOGICAL_CONTAINER" value="6a455606-4984-4220-a1ab-6471754f21f2"/>
<objectids-entry key="Default zone¤Web Services¤WSDL - good" objectid="109" type="ACTION" value="eff45fdd-7986-4f25-bf73-bc6f1c5bfb30"/>
<objectids-entry key="Default zone¤Web Services¤WSDL - good¤6a455606-4984-4220-a1ab-6471754f21f2" objectid="110" type="SLA_THRESHOLD" value="aa7f2662-54d1-4350-9603-3fa6ae27c536"/>
<objectids-entry key="Default zone¤Web Services¤WSDL - good¤6a455606-4984-4220-a1ab-6471754f21f2" objectid="111" type="SLA_THRESHOLD" value="edf3ea34-0bb3-4c87-846d-1954049a9f32"/>
<objectids-entry key="Default zone¤Web Services¤WSDL - good¤6a455606-4984-4220-a1ab-6471754f21f2" objectid="112" type="SLA_THRESHOLD" value="02c7e326-295b-4485-82e9-c73b283fbe27"/>
<objectids-entry key="Default zone¤Web Services¤WSDL - good¤6a455606-4984-4220-a1ab-6471754f21f2" objectid="113" type="SLA_THRESHOLD" value="e0717409-6b2b-4397-bd09-4c70dccdef45"/>
<objectids-entry key="Default zone¤Web Services¤WSDL - good¤6a455606-4984-4220-a1ab-6471754f21f2" objectid="114" type="SLA_THRESHOLD" value="eb93f0e7-649f-44c7-95a6-0969c8c5c4d4"/>
<objectids-entry key="Default zone¤Web Services¤WSDL - good¤6a455606-4984-4220-a1ab-6471754f21f2" objectid="115" type="SLA_THRESHOLD" value="e85123d0-4bca-4e78-8613-6148edf2a43b"/>
<objectids-entry key="Default zone¤Web Services¤WSDL - good¤6a455606-4984-4220-a1ab-6471754f21f2" objectid="116" type="SLA_THRESHOLD" value="4ef49997-f409-4f86-a7c2-4e2e11b1f829"/>
<objectids-entry key="Default zone¤Web Services¤WSDL - good¤6a455606-4984-4220-a1ab-6471754f21f2" objectid="117" type="SLA_THRESHOLD" value="3aa9f488-ba7f-4244-afdc-149f20e393e7"/>
<objectids-entry key="Default zone¤Web Services¤WSDL - good¤6a455606-4984-4220-a1ab-6471754f21f2" objectid="118" type="SLA_THRESHOLD" value="95a4e089-fa41-4224-9c4a-0a142b9cbb01"/>
<objectids-entry key="Default zone¤Web Services¤WSDL - good¤6a455606-4984-4220-a1ab-6471754f21f2" objectid="119" type="SLA_THRESHOLD" value="7b776980-e8f1-4532-ae15-6620db706ec4"/>
<objectids-entry key="Default zone¤Web Services¤WSDL - good¤6a455606-4984-4220-a1ab-6471754f21f2" objectid="120" type="SLA_THRESHOLD" value="55a20943-52e1-42db-a512-c845c9034844"/>
<objectids-entry key="Default zone¤Web Services¤WSDL - good¤6a455606-4984-4220-a1ab-6471754f21f2" objectid="121" type="SLA_THRESHOLD" value="883d9f3b-b817-4f6e-b6b3-b27a7eadb047"/>
<objectids-entry key="Default zone¤Web Services¤WSDL - good¤6a455606-4984-4220-a1ab-6471754f21f2" objectid="122" type="SLA_THRESHOLD" value="38e51b01-69bd-4438-bf04-39cfebe5abe4"/>
<objectids-entry key="Default zone¤Web Services¤WSDL - good¤6a455606-4984-4220-a1ab-6471754f21f2" objectid="123" type="SLA_THRESHOLD" value="62231318-7bd3-420a-a1d4-8f0072160d0f"/>
<objectids-entry key="Default zone¤Web Services¤WSDL - good¤6a455606-4984-4220-a1ab-6471754f21f2" objectid="124" type="SLA_THRESHOLD" value="d048e9ef-1caf-4cf0-883e-093d194ca97a"/>
<objectids-entry key="Default zone¤Web Services¤WSDL - good" objectid="125" type="BASIC_LOGICAL_CONTAINER" value="016ff0e0-ad2b-4940-b152-60d50b25e699"/>
<objectids-entry key="Default zone¤Web Services¤WSDL - good" objectid="126" type="ACTION" value="93dfb200-44c9-4446-8a67-ed4d33fd9d62"/>
<objectids-entry key="Default zone¤Web Services¤WSDL - good¤016ff0e0-ad2b-4940-b152-60d50b25e699" objectid="127" type="SLA_THRESHOLD" value="aa7f2662-54d1-4350-9603-3fa6ae27c536"/>
<objectids-entry key="Default zone¤Web Services¤WSDL - good¤016ff0e0-ad2b-4940-b152-60d50b25e699" objectid="128" type="SLA_THRESHOLD" value="edf3ea34-0bb3-4c87-846d-1954049a9f32"/>
<objectids-entry key="Default zone¤Web Services¤WSDL - good¤016ff0e0-ad2b-4940-b152-60d50b25e699" objectid="129" type="SLA_THRESHOLD" value="02c7e326-295b-4485-82e9-c73b283fbe27"/>
<objectids-entry key="Default zone¤Web Services¤WSDL - good¤016ff0e0-ad2b-4940-b152-60d50b25e699" objectid="130" type="SLA_THRESHOLD" value="e0717409-6b2b-4397-bd09-4c70dccdef45"/>
<objectids-entry key="Default zone¤Web Services¤WSDL - good¤016ff0e0-ad2b-4940-b152-60d50b25e699" objectid="131" type="SLA_THRESHOLD" value="eb93f0e7-649f-44c7-95a6-0969c8c5c4d4"/>
<objectids-entry key="Default zone¤Web Services¤WSDL - good¤016ff0e0-ad2b-4940-b152-60d50b25e699" objectid="132" type="SLA_THRESHOLD" value="e85123d0-4bca-4e78-8613-6148edf2a43b"/>
<objectids-entry key="Default zone¤Web Services¤WSDL - good¤016ff0e0-ad2b-4940-b152-60d50b25e699" objectid="133" type="SLA_THRESHOLD" value="4ef49997-f409-4f86-a7c2-4e2e11b1f829"/>
<objectids-entry key="Default zone¤Web Services¤WSDL - good¤016ff0e0-ad2b-4940-b152-60d50b25e699" objectid="134" type="SLA_THRESHOLD" value="3aa9f488-ba7f-4244-afdc-149f20e393e7"/>
<objectids-entry key="Default zone¤Web Services¤WSDL - good¤016ff0e0-ad2b-4940-b152-60d50b25e699" objectid="135" type="SLA_THRESHOLD" value="95a4e089-fa41-4224-9c4a-0a142b9cbb01"/>
<objectids-entry key="Default zone¤Web Services¤WSDL - good¤016ff0e0-ad2b-4940-b152-60d50b25e699" objectid="136" type="SLA_THRESHOLD" value="7b776980-e8f1-4532-ae15-6620db706ec4"/>
<objectids-entry key="Default zone¤Web Services¤WSDL - good¤016ff0e0-ad2b-4940-b152-60d50b25e699" objectid="137" type="SLA_THRESHOLD" value="55a20943-52e1-42db-a512-c845c9034844"/>
<objectids-entry key="Default zone¤Web Services¤WSDL - good¤016ff0e0-ad2b-4940-b152-60d50b25e699" objectid="138" type="SLA_THRESHOLD" value="883d9f3b-b817-4f6e-b6b3-b27a7eadb047"/>
<objectids-entry key="Default zone¤Web Services¤WSDL - good¤016ff0e0-ad2b-4940-b152-60d50b25e699" objectid="139" type="SLA_THRESHOLD" value="38e51b01-69bd-4438-bf04-39cfebe5abe4"/>
<objectids-entry key="Default zone¤Web Services¤WSDL - good¤016ff0e0-ad2b-4940-b152-60d50b25e699" objectid="140" type="SLA_THRESHOLD" value="62231318-7bd3-420a-a1d4-8f0072160d0f"/>
<objectids-entry key="Default zone¤Web Services¤WSDL - good¤016ff0e0-ad2b-4940-b152-60d50b25e699" objectid="141" type="SLA_THRESHOLD" value="d048e9ef-1caf-4cf0-883e-093d194ca97a"/>
<objectids-entry key="Default zone¤Web Services¤WSDL - good" objectid="142" type="BASIC_LOGICAL_CONTAINER" value="d6e76a1b-677f-45d8-a1d7-bb3b39aaeaf2"/>
<objectids-entry key="Default zone¤Web Services¤WSDL - good" objectid="143" type="ACTION" value="5ff8884a-2ab1-4369-bbeb-54e91291d6eb"/>
<objectids-entry key="Default zone¤Web Services¤WSDL - good¤d6e76a1b-677f-45d8-a1d7-bb3b39aaeaf2" objectid="144" type="SLA_THRESHOLD" value="aa7f2662-54d1-4350-9603-3fa6ae27c536"/>
<objectids-entry key="Default zone¤Web Services¤WSDL - good¤d6e76a1b-677f-45d8-a1d7-bb3b39aaeaf2" objectid="145" type="SLA_THRESHOLD" value="edf3ea34-0bb3-4c87-846d-1954049a9f32"/>
<objectids-entry key="Default zone¤Web Services¤WSDL - good¤d6e76a1b-677f-45d8-a1d7-bb3b39aaeaf2" objectid="146" type="SLA_THRESHOLD" value="02c7e326-295b-4485-82e9-c73b283fbe27"/>
<objectids-entry key="Default zone¤Web Services¤WSDL - good¤d6e76a1b-677f-45d8-a1d7-bb3b39aaeaf2" objectid="147" type="SLA_THRESHOLD" value="e0717409-6b2b-4397-bd09-4c70dccdef45"/>
<objectids-entry key="Default zone¤Web Services¤WSDL - good¤d6e76a1b-677f-45d8-a1d7-bb3b39aaeaf2" objectid="148" type="SLA_THRESHOLD" value="eb93f0e7-649f-44c7-95a6-0969c8c5c4d4"/>
<objectids-entry key="Default zone¤Web Services¤WSDL - good¤d6e76a1b-677f-45d8-a1d7-bb3b39aaeaf2" objectid="149" type="SLA_THRESHOLD" value="e85123d0-4bca-4e78-8613-6148edf2a43b"/>
<objectids-entry key="Default zone¤Web Services¤WSDL - good¤d6e76a1b-677f-45d8-a1d7-bb3b39aaeaf2" objectid="150" type="SLA_THRESHOLD" value="4ef49997-f409-4f86-a7c2-4e2e11b1f829"/>
<objectids-entry key="Default zone¤Web Services¤WSDL - good¤d6e76a1b-677f-45d8-a1d7-bb3b39aaeaf2" objectid="151" type="SLA_THRESHOLD" value="3aa9f488-ba7f-4244-afdc-149f20e393e7"/>
<objectids-entry key="Default zone¤Web Services¤WSDL - good¤d6e76a1b-677f-45d8-a1d7-bb3b39aaeaf2" objectid="152" type="SLA_THRESHOLD" value="95a4e089-fa41-4224-9c4a-0a142b9cbb01"/>
<objectids-entry key="Default zone¤Web Services¤WSDL - good¤d6e76a1b-677f-45d8-a1d7-bb3b39aaeaf2" objectid="153" type="SLA_THRESHOLD" value="7b776980-e8f1-4532-ae15-6620db706ec4"/>
<objectids-entry key="Default zone¤Web Services¤WSDL - good¤d6e76a1b-677f-45d8-a1d7-bb3b39aaeaf2" objectid="154" type="SLA_THRESHOLD" value="55a20943-52e1-42db-a512-c845c9034844"/>
<objectids-entry key="Default zone¤Web Services¤WSDL - good¤d6e76a1b-677f-45d8-a1d7-bb3b39aaeaf2" objectid="155" type="SLA_THRESHOLD" value="883d9f3b-b817-4f6e-b6b3-b27a7eadb047"/>
<objectids-entry key="Default zone¤Web Services¤WSDL - good¤d6e76a1b-677f-45d8-a1d7-bb3b39aaeaf2" objectid="156" type="SLA_THRESHOLD" value="38e51b01-69bd-4438-bf04-39cfebe5abe4"/>
<objectids-entry key="Default zone¤Web Services¤WSDL - good¤d6e76a1b-677f-45d8-a1d7-bb3b39aaeaf2" objectid="157" type="SLA_THRESHOLD" value="62231318-7bd3-420a-a1d4-8f0072160d0f"/>
<objectids-entry key="Default zone¤Web Services¤WSDL - good¤d6e76a1b-677f-45d8-a1d7-bb3b39aaeaf2" objectid="158" type="SLA_THRESHOLD" value="d048e9ef-1caf-4cf0-883e-093d194ca97a"/>
<objectids-entry key="Default zone¤Web Services¤WSDL - good" objectid="159" type="BASIC_LOGICAL_CONTAINER" value="ac39fe5f-cd6a-42b9-a41d-083bc478158b"/>
<objectids-entry key="Default zone¤Web Services¤WSDL - good" objectid="160" type="ACTION" value="bbd658a1-99bd-4f68-9f52-50b1263b5204"/>
<objectids-entry key="Default zone¤Web Services¤WSDL - good¤ac39fe5f-cd6a-42b9-a41d-083bc478158b" objectid="161" type="SLA_THRESHOLD" value="aa7f2662-54d1-4350-9603-3fa6ae27c536"/>
<objectids-entry key="Default zone¤Web Services¤WSDL - good¤ac39fe5f-cd6a-42b9-a41d-083bc478158b" objectid="162" type="SLA_THRESHOLD" value="edf3ea34-0bb3-4c87-846d-1954049a9f32"/>
<objectids-entry key="Default zone¤Web Services¤WSDL - good¤ac39fe5f-cd6a-42b9-a41d-083bc478158b" objectid="163" type="SLA_THRESHOLD" value="02c7e326-295b-4485-82e9-c73b283fbe27"/>
<objectids-entry key="Default zone¤Web Services¤WSDL - good¤ac39fe5f-cd6a-42b9-a41d-083bc478158b" objectid="164" type="SLA_THRESHOLD" value="e0717409-6b2b-4397-bd09-4c70dccdef45"/>
<objectids-entry key="Default zone¤Web Services¤WSDL - good¤ac39fe5f-cd6a-42b9-a41d-083bc478158b" objectid="165" type="SLA_THRESHOLD" value="eb93f0e7-649f-44c7-95a6-0969c8c5c4d4"/>
<objectids-entry key="Default zone¤Web Services¤WSDL - good¤ac39fe5f-cd6a-42b9-a41d-083bc478158b" objectid="166" type="SLA_THRESHOLD" value="e85123d0-4bca-4e78-8613-6148edf2a43b"/>
<objectids-entry key="Default zone¤Web Services¤WSDL - good¤ac39fe5f-cd6a-42b9-a41d-083bc478158b" objectid="167" type="SLA_THRESHOLD" value="4ef49997-f409-4f86-a7c2-4e2e11b1f829"/>
<objectids-entry key="Default zone¤Web Services¤WSDL - good¤ac39fe5f-cd6a-42b9-a41d-083bc478158b" objectid="168" type="SLA_THRESHOLD" value="3aa9f488-ba7f-4244-afdc-149f20e393e7"/>
<objectids-entry key="Default zone¤Web Services¤WSDL - good¤ac39fe5f-cd6a-42b9-a41d-083bc478158b" objectid="169" type="SLA_THRESHOLD" value="95a4e089-fa41-4224-9c4a-0a142b9cbb01"/>
<objectids-entry key="Default zone¤Web Services¤WSDL - good¤ac39fe5f-cd6a-42b9-a41d-083bc478158b" objectid="170" type="SLA_THRESHOLD" value="7b776980-e8f1-4532-ae15-6620db706ec4"/>
<objectids-entry key="Default zone¤Web Services¤WSDL - good¤ac39fe5f-cd6a-42b9-a41d-083bc478158b" objectid="171" type="SLA_THRESHOLD" value="55a20943-52e1-42db-a512-c845c9034844"/>
<objectids-entry key="Default zone¤Web Services¤WSDL - good¤ac39fe5f-cd6a-42b9-a41d-083bc478158b" objectid="172" type="SLA_THRESHOLD" value="883d9f3b-b817-4f6e-b6b3-b27a7eadb047"/>
<objectids-entry key="Default zone¤Web Services¤WSDL - good¤ac39fe5f-cd6a-42b9-a41d-083bc478158b" objectid="173" type="SLA_THRESHOLD" value="38e51b01-69bd-4438-bf04-39cfebe5abe4"/>
<objectids-entry key="Default zone¤Web Services¤WSDL - good¤ac39fe5f-cd6a-42b9-a41d-083bc478158b" objectid="174" type="SLA_THRESHOLD" value="62231318-7bd3-420a-a1d4-8f0072160d0f"/>
<objectids-entry key="Default zone¤Web Services¤WSDL - good¤ac39fe5f-cd6a-42b9-a41d-083bc478158b" objectid="175" type="SLA_THRESHOLD" value="d048e9ef-1caf-4cf0-883e-093d194ca97a"/>
<objectids-entry key="Default zone¤Web Services¤WSDL - good" objectid="176" type="BASIC_LOGICAL_CONTAINER" value="3864b635-0d6a-4f7f-99c8-e2a8b3bfd61d"/>
<objectids-entry key="Default zone¤Web Services¤WSDL - good" objectid="177" type="ACTION" value="698fca97-40f4-47a0-b314-6050ba0446e4"/>
<objectids-entry key="Default zone¤Web Services¤WSDL - good¤3864b635-0d6a-4f7f-99c8-e2a8b3bfd61d" objectid="178" type="SLA_THRESHOLD" value="aa7f2662-54d1-4350-9603-3fa6ae27c536"/>
<objectids-entry key="Default zone¤Web Services¤WSDL - good¤3864b635-0d6a-4f7f-99c8-e2a8b3bfd61d" objectid="179" type="SLA_THRESHOLD" value="edf3ea34-0bb3-4c87-846d-1954049a9f32"/>
<objectids-entry key="Default zone¤Web Services¤WSDL - good¤3864b635-0d6a-4f7f-99c8-e2a8b3bfd61d" objectid="180" type="SLA_THRESHOLD" value="02c7e326-295b-4485-82e9-c73b283fbe27"/>
<objectids-entry key="Default zone¤Web Services¤WSDL - good¤3864b635-0d6a-4f7f-99c8-e2a8b3bfd61d" objectid="181" type="SLA_THRESHOLD" value="e0717409-6b2b-4397-bd09-4c70dccdef45"/>
<objectids-entry key="Default zone¤Web Services¤WSDL - good¤3864b635-0d6a-4f7f-99c8-e2a8b3bfd61d" objectid="182" type="SLA_THRESHOLD" value="eb93f0e7-649f-44c7-95a6-0969c8c5c4d4"/>
<objectids-entry key="Default zone¤Web Services¤WSDL - good¤3864b635-0d6a-4f7f-99c8-e2a8b3bfd61d" objectid="183" type="SLA_THRESHOLD" value="e85123d0-4bca-4e78-8613-6148edf2a43b"/>
<objectids-entry key="Default zone¤Web Services¤WSDL - good¤3864b635-0d6a-4f7f-99c8-e2a8b3bfd61d" objectid="184" type="SLA_THRESHOLD" value="4ef49997-f409-4f86-a7c2-4e2e11b1f829"/>
<objectids-entry key="Default zone¤Web Services¤WSDL - good¤3864b635-0d6a-4f7f-99c8-e2a8b3bfd61d" objectid="185" type="SLA_THRESHOLD" value="3aa9f488-ba7f-4244-afdc-149f20e393e7"/>
<objectids-entry key="Default zone¤Web Services¤WSDL - good¤3864b635-0d6a-4f7f-99c8-e2a8b3bfd61d" objectid="186" type="SLA_THRESHOLD" value="95a4e089-fa41-4224-9c4a-0a142b9cbb01"/>
<objectids-entry key="Default zone¤Web Services¤WSDL - good¤3864b635-0d6a-4f7f-99c8-e2a8b3bfd61d" objectid="187" type="SLA_THRESHOLD" value="7b776980-e8f1-4532-ae15-6620db706ec4"/>
<objectids-entry key="Default zone¤Web Services¤WSDL - good¤3864b635-0d6a-4f7f-99c8-e2a8b3bfd61d" objectid="188" type="SLA_THRESHOLD" value="55a20943-52e1-42db-a512-c845c9034844"/>
<objectids-entry key="Default zone¤Web Services¤WSDL - good¤3864b635-0d6a-4f7f-99c8-e2a8b3bfd61d" objectid="189" type="SLA_THRESHOLD" value="883d9f3b-b817-4f6e-b6b3-b27a7eadb047"/>
<objectids-entry key="Default zone¤Web Services¤WSDL - good¤3864b635-0d6a-4f7f-99c8-e2a8b3bfd61d" objectid="190" type="SLA_THRESHOLD" value="38e51b01-69bd-4438-bf04-39cfebe5abe4"/>
<objectids-entry key="Default zone¤Web Services¤WSDL - good¤3864b635-0d6a-4f7f-99c8-e2a8b3bfd61d" objectid="191" type="SLA_THRESHOLD" value="62231318-7bd3-420a-a1d4-8f0072160d0f"/>
<objectids-entry key="Default zone¤Web Services¤WSDL - good¤3864b635-0d6a-4f7f-99c8-e2a8b3bfd61d" objectid="192" type="SLA_THRESHOLD" value="d048e9ef-1caf-4cf0-883e-093d194ca97a"/>
<objectids-entry key="Default zone¤Web Services¤WSDL - good" objectid="193" type="BASIC_LOGICAL_CONTAINER" value="e42830d8-7843-45f5-9c92-b3f99ee5c4c9"/>
<objectids-entry key="Default zone¤Web Services¤WSDL - good" objectid="194" type="ACTION" value="45b19e71-c50b-499d-bef8-90d101696935"/>
<objectids-entry key="Default zone¤Web Services¤WSDL - good¤e42830d8-7843-45f5-9c92-b3f99ee5c4c9" objectid="195" type="SLA_THRESHOLD" value="aa7f2662-54d1-4350-9603-3fa6ae27c536"/>
<objectids-entry key="Default zone¤Web Services¤WSDL - good¤e42830d8-7843-45f5-9c92-b3f99ee5c4c9" objectid="196" type="SLA_THRESHOLD" value="edf3ea34-0bb3-4c87-846d-1954049a9f32"/>
<objectids-entry key="Default zone¤Web Services¤WSDL - good¤e42830d8-7843-45f5-9c92-b3f99ee5c4c9" objectid="197" type="SLA_THRESHOLD" value="02c7e326-295b-4485-82e9-c73b283fbe27"/>
<objectids-entry key="Default zone¤Web Services¤WSDL - good¤e42830d8-7843-45f5-9c92-b3f99ee5c4c9" objectid="198" type="SLA_THRESHOLD" value="e0717409-6b2b-4397-bd09-4c70dccdef45"/>
<objectids-entry key="Default zone¤Web Services¤WSDL - good¤e42830d8-7843-45f5-9c92-b3f99ee5c4c9" objectid="199" type="SLA_THRESHOLD" value="eb93f0e7-649f-44c7-95a6-0969c8c5c4d4"/>
<objectids-entry key="Default zone¤Web Services¤WSDL - good¤e42830d8-7843-45f5-9c92-b3f99ee5c4c9" objectid="200" type="SLA_THRESHOLD" value="e85123d0-4bca-4e78-8613-6148edf2a43b"/>
<objectids-entry key="Default zone¤Web Services¤WSDL - good¤e42830d8-7843-45f5-9c92-b3f99ee5c4c9" objectid="201" type="SLA_THRESHOLD" value="4ef49997-f409-4f86-a7c2-4e2e11b1f829"/>
<objectids-entry key="Default zone¤Web Services¤WSDL - good¤e42830d8-7843-45f5-9c92-b3f99ee5c4c9" objectid="202" type="SLA_THRESHOLD" value="3aa9f488-ba7f-4244-afdc-149f20e393e7"/>
<objectids-entry key="Default zone¤Web Services¤WSDL - good¤e42830d8-7843-45f5-9c92-b3f99ee5c4c9" objectid="203" type="SLA_THRESHOLD" value="95a4e089-fa41-4224-9c4a-0a142b9cbb01"/>
<objectids-entry key="Default zone¤Web Services¤WSDL - good¤e42830d8-7843-45f5-9c92-b3f99ee5c4c9" objectid="204" type="SLA_THRESHOLD" value="7b776980-e8f1-4532-ae15-6620db706ec4"/>
<objectids-entry key="Default zone¤Web Services¤WSDL - good¤e42830d8-7843-45f5-9c92-b3f99ee5c4c9" objectid="205" type="SLA_THRESHOLD" value="55a20943-52e1-42db-a512-c845c9034844"/>
<objectids-entry key="Default zone¤Web Services¤WSDL - good¤e42830d8-7843-45f5-9c92-b3f99ee5c4c9" objectid="206" type="SLA_THRESHOLD" value="883d9f3b-b817-4f6e-b6b3-b27a7eadb047"/>
<objectids-entry key="Default zone¤Web Services¤WSDL - good¤e42830d8-7843-45f5-9c92-b3f99ee5c4c9" objectid="207" type="SLA_THRESHOLD" value="38e51b01-69bd-4438-bf04-39cfebe5abe4"/>
<objectids-entry key="Default zone¤Web Services¤WSDL - good¤e42830d8-7843-45f5-9c92-b3f99ee5c4c9" objectid="208" type="SLA_THRESHOLD" value="62231318-7bd3-420a-a1d4-8f0072160d0f"/>
<objectids-entry key="Default zone¤Web Services¤WSDL - good¤e42830d8-7843-45f5-9c92-b3f99ee5c4c9" objectid="209" type="SLA_THRESHOLD" value="d048e9ef-1caf-4cf0-883e-093d194ca97a"/>
<objectids-entry key="Default zone¤Web Services¤WSDL - good" objectid="210" type="BASIC_LOGICAL_CONTAINER" value="d8480192-e07d-4296-9497-cc11e6410bf6"/>
<objectids-entry key="Default zone¤Web Services¤WSDL - good" objectid="211" type="ACTION" value="906bdf87-e186-4e56-9c7c-21e11a2e8c34"/>
<objectids-entry key="Default zone¤Web Services¤WSDL - good¤d8480192-e07d-4296-9497-cc11e6410bf6" objectid="212" type="SLA_THRESHOLD" value="aa7f2662-54d1-4350-9603-3fa6ae27c536"/>
<objectids-entry key="Default zone¤Web Services¤WSDL - good¤d8480192-e07d-4296-9497-cc11e6410bf6" objectid="213" type="SLA_THRESHOLD" value="edf3ea34-0bb3-4c87-846d-1954049a9f32"/>
<objectids-entry key="Default zone¤Web Services¤WSDL - good¤d8480192-e07d-4296-9497-cc11e6410bf6" objectid="214" type="SLA_THRESHOLD" value="02c7e326-295b-4485-82e9-c73b283fbe27"/>
<objectids-entry key="Default zone¤Web Services¤WSDL - good¤d8480192-e07d-4296-9497-cc11e6410bf6" objectid="215" type="SLA_THRESHOLD" value="e0717409-6b2b-4397-bd09-4c70dccdef45"/>
<objectids-entry key="Default zone¤Web Services¤WSDL - good¤d8480192-e07d-4296-9497-cc11e6410bf6" objectid="216" type="SLA_THRESHOLD" value="eb93f0e7-649f-44c7-95a6-0969c8c5c4d4"/>
<objectids-entry key="Default zone¤Web Services¤WSDL - good¤d8480192-e07d-4296-9497-cc11e6410bf6" objectid="217" type="SLA_THRESHOLD" value="e85123d0-4bca-4e78-8613-6148edf2a43b"/>
<objectids-entry key="Default zone¤Web Services¤WSDL - good¤d8480192-e07d-4296-9497-cc11e6410bf6" objectid="218" type="SLA_THRESHOLD" value="4ef49997-f409-4f86-a7c2-4e2e11b1f829"/>
<objectids-entry key="Default zone¤Web Services¤WSDL - good¤d8480192-e07d-4296-9497-cc11e6410bf6" objectid="219" type="SLA_THRESHOLD" value="3aa9f488-ba7f-4244-afdc-149f20e393e7"/>
<objectids-entry key="Default zone¤Web Services¤WSDL - good¤d8480192-e07d-4296-9497-cc11e6410bf6" objectid="220" type="SLA_THRESHOLD" value="95a4e089-fa41-4224-9c4a-0a142b9cbb01"/>
<objectids-entry key="Default zone¤Web Services¤WSDL - good¤d8480192-e07d-4296-9497-cc11e6410bf6" objectid="221" type="SLA_THRESHOLD" value="7b776980-e8f1-4532-ae15-6620db706ec4"/>
<objectids-entry key="Default zone¤Web Services¤WSDL - good¤d8480192-e07d-4296-9497-cc11e6410bf6" objectid="222" type="SLA_THRESHOLD" value="55a20943-52e1-42db-a512-c845c9034844"/>
<objectids-entry key="Default zone¤Web Services¤WSDL - good¤d8480192-e07d-4296-9497-cc11e6410bf6" objectid="223" type="SLA_THRESHOLD" value="883d9f3b-b817-4f6e-b6b3-b27a7eadb047"/>
<objectids-entry key="Default zone¤Web Services¤WSDL - good¤d8480192-e07d-4296-9497-cc11e6410bf6" objectid="224" type="SLA_THRESHOLD" value="38e51b01-69bd-4438-bf04-39cfebe5abe4"/>
<objectids-entry key="Default zone¤Web Services¤WSDL - good¤d8480192-e07d-4296-9497-cc11e6410bf6" objectid="225" type="SLA_THRESHOLD" value="62231318-7bd3-420a-a1d4-8f0072160d0f"/>
<objectids-entry key="Default zone¤Web Services¤WSDL - good¤d8480192-e07d-4296-9497-cc11e6410bf6" objectid="226" type="SLA_THRESHOLD" value="d048e9ef-1caf-4cf0-883e-093d194ca97a"/>
<objectids-entry key="Default zone¤Web Services¤WSDL - good" objectid="227" type="BASIC_LOGICAL_CONTAINER" value="dc4b5840-1743-404c-a365-fb2803f586fc"/>
<objectids-entry key="Default zone¤Web Services¤WSDL - good" objectid="228" type="ACTION" value="f13aaa72-c06e-4851-a1ae-8228a466abd9"/>
<objectids-entry key="Default zone¤Web Services¤WSDL - good¤dc4b5840-1743-404c-a365-fb2803f586fc" objectid="229" type="SLA_THRESHOLD" value="aa7f2662-54d1-4350-9603-3fa6ae27c536"/>
<objectids-entry key="Default zone¤Web Services¤WSDL - good¤dc4b5840-1743-404c-a365-fb2803f586fc" objectid="230" type="SLA_THRESHOLD" value="edf3ea34-0bb3-4c87-846d-1954049a9f32"/>
<objectids-entry key="Default zone¤Web Services¤WSDL - good¤dc4b5840-1743-404c-a365-fb2803f586fc" objectid="231" type="SLA_THRESHOLD" value="02c7e326-295b-4485-82e9-c73b283fbe27"/>
<objectids-entry key="Default zone¤Web Services¤WSDL - good¤dc4b5840-1743-404c-a365-fb2803f586fc" objectid="232" type="SLA_THRESHOLD" value="e0717409-6b2b-4397-bd09-4c70dccdef45"/>
<objectids-entry key="Default zone¤Web Services¤WSDL - good¤dc4b5840-1743-404c-a365-fb2803f586fc" objectid="233" type="SLA_THRESHOLD" value="eb93f0e7-649f-44c7-95a6-0969c8c5c4d4"/>
<objectids-entry key="Default zone¤Web Services¤WSDL - good¤dc4b5840-1743-404c-a365-fb2803f586fc" objectid="234" type="SLA_THRESHOLD" value="e85123d0-4bca-4e78-8613-6148edf2a43b"/>
<objectids-entry key="Default zone¤Web Services¤WSDL - good¤dc4b5840-1743-404c-a365-fb2803f586fc" objectid="235" type="SLA_THRESHOLD" value="4ef49997-f409-4f86-a7c2-4e2e11b1f829"/>
<objectids-entry key="Default zone¤Web Services¤WSDL - good¤dc4b5840-1743-404c-a365-fb2803f586fc" objectid="236" type="SLA_THRESHOLD" value="3aa9f488-ba7f-4244-afdc-149f20e393e7"/>
<objectids-entry key="Default zone¤Web Services¤WSDL - good¤dc4b5840-1743-404c-a365-fb2803f586fc" objectid="237" type="SLA_THRESHOLD" value="95a4e089-fa41-4224-9c4a-0a142b9cbb01"/>
<objectids-entry key="Default zone¤Web Services¤WSDL - good¤dc4b5840-1743-404c-a365-fb2803f586fc" objectid="238" type="SLA_THRESHOLD" value="7b776980-e8f1-4532-ae15-6620db706ec4"/>
<objectids-entry key="Default zone¤Web Services¤WSDL - good¤dc4b5840-1743-404c-a365-fb2803f586fc" objectid="239" type="SLA_THRESHOLD" value="55a20943-52e1-42db-a512-c845c9034844"/>
<objectids-entry key="Default zone¤Web Services¤WSDL - good¤dc4b5840-1743-404c-a365-fb2803f586fc" objectid="240" type="SLA_THRESHOLD" value="883d9f3b-b817-4f6e-b6b3-b27a7eadb047"/>
<objectids-entry key="Default zone¤Web Services¤WSDL - good¤dc4b5840-1743-404c-a365-fb2803f586fc" objectid="241" type="SLA_THRESHOLD" value="38e51b01-69bd-4438-bf04-39cfebe5abe4"/>
<objectids-entry key="Default zone¤Web Services¤WSDL - good¤dc4b5840-1743-404c-a365-fb2803f586fc" objectid="242" type="SLA_THRESHOLD" value="62231318-7bd3-420a-a1d4-8f0072160d0f"/>
<objectids-entry key="Default zone¤Web Services¤WSDL - good¤dc4b5840-1743-404c-a365-fb2803f586fc" objectid="243" type="SLA_THRESHOLD" value="d048e9ef-1caf-4cf0-883e-093d194ca97a"/>
<objectids-entry key="Default zone¤Web Services¤WSDL - good" objectid="244" type="BASIC_LOGICAL_CONTAINER" value="e3087dbd-f06c-409c-9516-d517cab2b7ba"/>
<objectids-entry key="Default zone¤Web Services¤WSDL - good" objectid="245" type="ACTION" value="99819990-22a5-4618-be40-7a8eab763586"/>
<objectids-entry key="Default zone¤Web Services¤WSDL - good¤e3087dbd-f06c-409c-9516-d517cab2b7ba" objectid="246" type="SLA_THRESHOLD" value="aa7f2662-54d1-4350-9603-3fa6ae27c536"/>
<objectids-entry key="Default zone¤Web Services¤WSDL - good¤e3087dbd-f06c-409c-9516-d517cab2b7ba" objectid="247" type="SLA_THRESHOLD" value="edf3ea34-0bb3-4c87-846d-1954049a9f32"/>
<objectids-entry key="Default zone¤Web Services¤WSDL - good¤e3087dbd-f06c-409c-9516-d517cab2b7ba" objectid="248" type="SLA_THRESHOLD" value="02c7e326-295b-4485-82e9-c73b283fbe27"/>
<objectids-entry key="Default zone¤Web Services¤WSDL - good¤e3087dbd-f06c-409c-9516-d517cab2b7ba" objectid="249" type="SLA_THRESHOLD" value="e0717409-6b2b-4397-bd09-4c70dccdef45"/>
<objectids-entry key="Default zone¤Web Services¤WSDL - good¤e3087dbd-f06c-409c-9516-d517cab2b7ba" objectid="250" type="SLA_THRESHOLD" value="eb93f0e7-649f-44c7-95a6-0969c8c5c4d4"/>
<objectids-entry key="Default zone¤Web Services¤WSDL - good¤e3087dbd-f06c-409c-9516-d517cab2b7ba" objectid="251" type="SLA_THRESHOLD" value="e85123d0-4bca-4e78-8613-6148edf2a43b"/>
<objectids-entry key="Default zone¤Web Services¤WSDL - good¤e3087dbd-f06c-409c-9516-d517cab2b7ba" objectid="252" type="SLA_THRESHOLD" value="4ef49997-f409-4f86-a7c2-4e2e11b1f829"/>
<objectids-entry key="Default zone¤Web Services¤WSDL - good¤e3087dbd-f06c-409c-9516-d517cab2b7ba" objectid="253" type="SLA_THRESHOLD" value="3aa9f488-ba7f-4244-afdc-149f20e393e7"/>
<objectids-entry key="Default zone¤Web Services¤WSDL - good¤e3087dbd-f06c-409c-9516-d517cab2b7ba" objectid="254" type="SLA_THRESHOLD" value="95a4e089-fa41-4224-9c4a-0a142b9cbb01"/>
<objectids-entry key="Default zone¤Web Services¤WSDL - good¤e3087dbd-f06c-409c-9516-d517cab2b7ba" objectid="255" type="SLA_THRESHOLD" value="7b776980-e8f1-4532-ae15-6620db706ec4"/>
<objectids-entry key="Default zone¤Web Services¤WSDL - good¤e3087dbd-f06c-409c-9516-d517cab2b7ba" objectid="256" type="SLA_THRESHOLD" value="55a20943-52e1-42db-a512-c845c9034844"/>
<objectids-entry key="Default zone¤Web Services¤WSDL - good¤e3087dbd-f06c-409c-9516-d517cab2b7ba" objectid="257" type="SLA_THRESHOLD" value="883d9f3b-b817-4f6e-b6b3-b27a7eadb047"/>
<objectids-entry key="Default zone¤Web Services¤WSDL - good¤e3087dbd-f06c-409c-9516-d517cab2b7ba" objectid="258" type="SLA_THRESHOLD" value="38e51b01-69bd-4438-bf04-39cfebe5abe4"/>
<objectids-entry key="Default zone¤Web Services¤WSDL - good¤e3087dbd-f06c-409c-9516-d517cab2b7ba" objectid="259" type="SLA_THRESHOLD" value="62231318-7bd3-420a-a1d4-8f0072160d0f"/>
<objectids-entry key="Default zone¤Web Services¤WSDL - good¤e3087dbd-f06c-409c-9516-d517cab2b7ba" objectid="260" type="SLA_THRESHOLD" value="d048e9ef-1caf-4cf0-883e-093d194ca97a"/>
<objectids-entry key="Default zone¤Web Services¤WSDL - good¤b278d237-21f1-4f0b-a40a-3fe7b0b3d81d" objectid="261" type="SLA_THRESHOLD" value="aa7f2662-54d1-4350-9603-3fa6ae27c536"/>
<objectids-entry key="Default zone¤Web Services¤WSDL - good¤b278d237-21f1-4f0b-a40a-3fe7b0b3d81d" objectid="262" type="SLA_THRESHOLD" value="edf3ea34-0bb3-4c87-846d-1954049a9f32"/>
<objectids-entry key="Default zone¤Web Services¤WSDL - good¤b278d237-21f1-4f0b-a40a-3fe7b0b3d81d" objectid="263" type="SLA_THRESHOLD" value="02c7e326-295b-4485-82e9-c73b283fbe27"/>
<objectids-entry key="Default zone¤Web Services¤WSDL - good¤b278d237-21f1-4f0b-a40a-3fe7b0b3d81d" objectid="264" type="SLA_THRESHOLD" value="e0717409-6b2b-4397-bd09-4c70dccdef45"/>
<objectids-entry key="Default zone¤Web Services¤WSDL - good¤b278d237-21f1-4f0b-a40a-3fe7b0b3d81d" objectid="265" type="SLA_THRESHOLD" value="eb93f0e7-649f-44c7-95a6-0969c8c5c4d4"/>
<objectids-entry key="Default zone¤Web Services¤WSDL - good¤b278d237-21f1-4f0b-a40a-3fe7b0b3d81d" objectid="266" type="SLA_THRESHOLD" value="e85123d0-4bca-4e78-8613-6148edf2a43b"/>
<objectids-entry key="Default zone¤Web Services¤WSDL - good¤b278d237-21f1-4f0b-a40a-3fe7b0b3d81d" objectid="267" type="SLA_THRESHOLD" value="4ef49997-f409-4f86-a7c2-4e2e11b1f829"/>
<objectids-entry key="Default zone¤Web Services¤WSDL - good¤b278d237-21f1-4f0b-a40a-3fe7b0b3d81d" objectid="268" type="SLA_THRESHOLD" value="3aa9f488-ba7f-4244-afdc-149f20e393e7"/>
<objectids-entry key="Default zone¤Web Services¤WSDL - good¤b278d237-21f1-4f0b-a40a-3fe7b0b3d81d" objectid="269" type="SLA_THRESHOLD" value="95a4e089-fa41-4224-9c4a-0a142b9cbb01"/>
<objectids-entry key="Default zone¤Web Services¤WSDL - good¤b278d237-21f1-4f0b-a40a-3fe7b0b3d81d" objectid="270" type="SLA_THRESHOLD" value="7b776980-e8f1-4532-ae15-6620db706ec4"/>
<objectids-entry key="Default zone¤Web Services¤WSDL - good¤b278d237-21f1-4f0b-a40a-3fe7b0b3d81d" objectid="271" type="SLA_THRESHOLD" value="55a20943-52e1-42db-a512-c845c9034844"/>
<objectids-entry key="Default zone¤Web Services¤WSDL - good¤b278d237-21f1-4f0b-a40a-3fe7b0b3d81d" objectid="272" type="SLA_THRESHOLD" value="883d9f3b-b817-4f6e-b6b3-b27a7eadb047"/>
<objectids-entry key="Default zone¤Web Services¤WSDL - good¤b278d237-21f1-4f0b-a40a-3fe7b0b3d81d" objectid="273" type="SLA_THRESHOLD" value="38e51b01-69bd-4438-bf04-39cfebe5abe4"/>
<objectids-entry key="Default zone¤Web Services¤WSDL - good¤b278d237-21f1-4f0b-a40a-3fe7b0b3d81d" objectid="274" type="SLA_THRESHOLD" value="62231318-7bd3-420a-a1d4-8f0072160d0f"/>
<objectids-entry key="Default zone¤Web Services¤WSDL - good¤b278d237-21f1-4f0b-a40a-3fe7b0b3d81d" objectid="275" type="SLA_THRESHOLD" value="d048e9ef-1caf-4cf0-883e-093d194ca97a"/>
<objectids-entry key="Default zone¤Web Services¤WSDL - good¤$parent=WSDL - good;$index=1" objectid="276" type="SLA_THRESHOLD" value="aa7f2662-54d1-4350-9603-3fa6ae27c536"/>
<objectids-entry key="Default zone¤Web Services¤WSDL - good¤$parent=WSDL - good;$index=1" objectid="277" type="SLA_THRESHOLD" value="edf3ea34-0bb3-4c87-846d-1954049a9f32"/>
<objectids-entry key="Default zone¤Web Services¤WSDL - good¤$parent=WSDL - good;$index=1" objectid="278" type="SLA_THRESHOLD" value="02c7e326-295b-4485-82e9-c73b283fbe27"/>
<objectids-entry key="Default zone¤Web Services¤WSDL - good¤$parent=WSDL - good;$index=1" objectid="279" type="SLA_THRESHOLD" value="e0717409-6b2b-4397-bd09-4c70dccdef45"/>
<objectids-entry key="Default zone¤Web Services¤WSDL - good¤$parent=WSDL - good;$index=1" objectid="280" type="SLA_THRESHOLD" value="eb93f0e7-649f-44c7-95a6-0969c8c5c4d4"/>
<objectids-entry key="Default zone¤Web Services¤WSDL - good¤$parent=WSDL - good;$index=1" objectid="281" type="SLA_THRESHOLD" value="e85123d0-4bca-4e78-8613-6148edf2a43b"/>
<objectids-entry key="Default zone¤Web Services¤WSDL - good¤$parent=WSDL - good;$index=1" objectid="282" type="SLA_THRESHOLD" value="4ef49997-f409-4f86-a7c2-4e2e11b1f829"/>
<objectids-entry key="Default zone¤Web Services¤WSDL - good¤$parent=WSDL - good;$index=1" objectid="283" type="SLA_THRESHOLD" value="3aa9f488-ba7f-4244-afdc-149f20e393e7"/>
<objectids-entry key="Default zone¤Web Services¤WSDL - good¤$parent=WSDL - good;$index=1" objectid="284" type="SLA_THRESHOLD" value="95a4e089-fa41-4224-9c4a-0a142b9cbb01"/>
<objectids-entry key="Default zone¤Web Services¤WSDL - good¤$parent=WSDL - good;$index=1" objectid="285" type="SLA_THRESHOLD" value="7b776980-e8f1-4532-ae15-6620db706ec4"/>
<objectids-entry key="Default zone¤Web Services¤WSDL - good¤$parent=WSDL - good;$index=1" objectid="286" type="SLA_THRESHOLD" value="55a20943-52e1-42db-a512-c845c9034844"/>
<objectids-entry key="Default zone¤Web Services¤WSDL - good¤$parent=WSDL - good;$index=1" objectid="287" type="SLA_THRESHOLD" value="883d9f3b-b817-4f6e-b6b3-b27a7eadb047"/>
<objectids-entry key="Default zone¤Web Services¤WSDL - good¤$parent=WSDL - good;$index=1" objectid="288" type="SLA_THRESHOLD" value="38e51b01-69bd-4438-bf04-39cfebe5abe4"/>
<objectids-entry key="Default zone¤Web Services¤WSDL - good¤$parent=WSDL - good;$index=1" objectid="289" type="SLA_THRESHOLD" value="62231318-7bd3-420a-a1d4-8f0072160d0f"/>
<objectids-entry key="Default zone¤Web Services¤WSDL - good¤$parent=WSDL - good;$index=1" objectid="290" type="SLA_THRESHOLD" value="d048e9ef-1caf-4cf0-883e-093d194ca97a"/>
<objectids-entry key="Default zone¤Web Services¤WSDL - good" objectid="291" type="BASIC_LOGICAL_CONTAINER" value="$parent=WSDL - good;$index=2"/>
<objectids-entry key="¤¤" objectid="292" type="MONITORED_HOST" value="NeoLoad"/>
<objectids-entry key="¤¤" objectid="293" type="MONITORCONNECTION" value="NeoLoad$NeoLoad"/>
<objectids-entry key="¤¤" objectid="294" type="MONITOR" value="NeoLoad$NeoLoad$UserLoad"/>
<objectids-entry key="¤¤" objectid="295" type="MONITOR" value="NeoLoad$NeoLoad$throughput"/>
<objectids-entry key="¤¤" objectid="296" type="MONITOR" value="NeoLoad$NeoLoad$Alerts"/>
<objectids-entry key="¤¤" objectid="297" type="MONITOR" value="NeoLoad$NeoLoad$CriticalAlerts"/>
<objectids-entry key="¤¤" objectid="298" type="MONITOR" value="NeoLoad$NeoLoad$WarningAlerts"/>
<objectids-entry key="¤¤" objectid="299" type="MONITOR" value="NeoLoad$NeoLoad$cpu"/>
<objectids-entry key="¤¤" objectid="300" type="THRESHOLD" value="NeoLoad$NeoLoad$26e19f02-64d5-4fae-8b8b-6f5c86c0816a"/>
<objectids-entry key="¤¤" objectid="301" type="MONITOR" value="NeoLoad$NeoLoad$memory"/>
<objectids-entry key="¤¤" objectid="302" type="THRESHOLD" value="NeoLoad$NeoLoad$66f23a60-c7a4-4a8c-ab3b-fd4923a11b1c"/>
<objectids-entry key="¤¤" objectid="303" type="MONITOR" value="NeoLoad$NeoLoad$threadcount"/>
<objectids-entry key="¤¤" objectid="304" type="MONITOR" value="NeoLoad$NeoLoad$connectedlg"/>
<objectids-entry key="¤¤" objectid="305" type="MONITOR" value="NeoLoad$NeoLoad$totallgdisconnections"/>
<objectids-entry key="¤¤" objectid="306" type="THRESHOLD" value="NeoLoad$NeoLoad$e30b4f4b-5b2b-480c-90c8-ee593e473355"/>
<objectids-entry key="¤¤" objectid="307" type="MONITOR" value="NeoLoad$NeoLoad$totallgreconnections"/>
<objectids-entry key="¤¤" objectid="308" type="MONITOR" value="NeoLoad$NeoLoad$otcp.NeoLoad"/>
<objectids-entry key="¤¤" objectid="309" type="MONITOR" value="NeoLoad$NeoLoad$tcp.NeoLoad"/>
<objectids-entry key="¤¤" objectid="310" type="MONITOR" value="NeoLoad$NeoLoad$ibytesperinterface~NeoLoad~wlan1"/>
<objectids-entry key="¤¤" objectid="311" type="MONITOR" value="NeoLoad$NeoLoad$obytesperinterface~NeoLoad~wlan1"/>
<objectids-entry key="¤¤" objectid="312" type="MONITOR" value="NeoLoad$NeoLoad$ibytesperinterface~NeoLoad~wlan0"/>
<objectids-entry key="¤¤" objectid="313" type="MONITOR" value="NeoLoad$NeoLoad$obytesperinterface~NeoLoad~wlan0"/>
<objectids-entry key="¤¤" objectid="314" type="MONITOR" value="NeoLoad$NeoLoad$ibytesperinterface~NeoLoad~eth3"/>
<objectids-entry key="¤¤" objectid="315" type="MONITOR" value="NeoLoad$NeoLoad$obytesperinterface~NeoLoad~eth3"/>
<objectids-entry key="¤¤" objectid="316" type="MONITOR" value="NeoLoad$NeoLoad$ibytesperinterface~NeoLoad~eth1"/>
<objectids-entry key="¤¤" objectid="317" type="MONITOR" value="NeoLoad$NeoLoad$obytesperinterface~NeoLoad~eth1"/>
<objectids-entry key="¤¤" objectid="318" type="MONITOR" value="NeoLoad$NeoLoad$zoneuserload~Default zone"/>
<objectids-entry key="¤¤" objectid="319" type="MONITORED_HOST" value="LG localhost:7100"/>
<objectids-entry key="¤¤" objectid="320" type="MONITORCONNECTION" value="LG localhost:7100$NeoLoad"/>
<objectids-entry key="¤¤" objectid="321" type="MONITOR" value="LG localhost:7100$NeoLoad$lgcpu.localhost:7100"/>
<objectids-entry key="¤¤" objectid="322" type="THRESHOLD" value="LG localhost:7100$NeoLoad$2e5ff2c0-b107-4823-bd0e-18fe3d7eb04c"/>
<objectids-entry key="¤¤" objectid="323" type="MONITOR" value="LG localhost:7100$NeoLoad$lgmemory.localhost:7100"/>
<objectids-entry key="¤¤" objectid="324" type="THRESHOLD" value="LG localhost:7100$NeoLoad$cf757b92-1239-4511-aa67-9ace69390656"/>
<objectids-entry key="¤¤" objectid="325" type="MONITOR" value="LG localhost:7100$NeoLoad$lgthroughput.localhost:7100"/>
<objectids-entry key="¤¤" objectid="326" type="MONITOR" value="LG localhost:7100$NeoLoad$lguserloadperpopulation~localhost:7100"/>
<objectids-entry key="¤¤" objectid="327" type="MONITOR" value="LG localhost:7100$NeoLoad$lgthreadcount.localhost:7100"/>
<objectids-entry key="¤¤" objectid="328" type="MONITOR" value="LG localhost:7100$NeoLoad$lg.jetty.httpclient.threadpool.used.localhost:7100"/>
<objectids-entry key="¤¤" objectid="329" type="MONITOR" value="LG localhost:7100$NeoLoad$lg.jetty.httpclient.taskpool.used.localhost:7100"/>
<objectids-entry key="¤¤" objectid="330" type="THRESHOLD" value="LG localhost:7100$NeoLoad$03b29607-c3be-47ff-9572-a0d3715f8f69"/>
<objectids-entry key="¤¤" objectid="331" type="MONITOR" value="LG localhost:7100$NeoLoad$lgdisconnections.localhost:7100"/>
<objectids-entry key="¤¤" objectid="332" type="MONITOR" value="LG localhost:7100$NeoLoad$lgreconnections.localhost:7100"/>
<objectids-entry key="¤¤" objectid="333" type="MONITOR" value="LG localhost:7100$NeoLoad$lgping.localhost:7100"/>
<objectids-entry key="¤¤" objectid="334" type="MONITOR" value="LG localhost:7100$NeoLoad$lgotcp.localhost:7100"/>
<objectids-entry key="¤¤" objectid="335" type="MONITOR" value="LG localhost:7100$NeoLoad$lgtcp.localhost:7100"/>
<objectids-entry key="¤¤" objectid="336" type="MONITOR" value="LG localhost:7100$NeoLoad$lgibytesperinterface~localhost:7100~wlan1"/>
<objectids-entry key="¤¤" objectid="337" type="MONITOR" value="LG localhost:7100$NeoLoad$lgobytesperinterface~localhost:7100~wlan1"/>
<objectids-entry key="¤¤" objectid="338" type="MONITOR" value="LG localhost:7100$NeoLoad$lgibytesperinterface~localhost:7100~wlan0"/>
<objectids-entry key="¤¤" objectid="339" type="MONITOR" value="LG localhost:7100$NeoLoad$lgobytesperinterface~localhost:7100~wlan0"/>
<objectids-entry key="¤¤" objectid="340" type="MONITOR" value="LG localhost:7100$NeoLoad$lgibytesperinterface~localhost:7100~eth3"/>
<objectids-entry key="¤¤" objectid="341" type="MONITOR" value="LG localhost:7100$NeoLoad$lgobytesperinterface~localhost:7100~eth3"/>
<objectids-entry key="¤¤" objectid="342" type="MONITOR" value="LG localhost:7100$NeoLoad$lgibytesperinterface~localhost:7100~eth1"/>
<objectids-entry key="¤¤" objectid="343" type="MONITOR" value="LG localhost:7100$NeoLoad$lgobytesperinterface~localhost:7100~eth1"/>
<objectids-entry key="¤¤" objectid="344" type="MONITOR" value="LG localhost:7100$NeoLoad$lguserloadperpopulation~localhost:7100~Test Start"/>
<objectids-entry key="¤¤" objectid="345" type="MONITOR" value="LG localhost:7100$NeoLoad$lguserloadperpopulation~localhost:7100~Test Start~AppD - Test Start"/>
<objectids-entry key="¤¤" objectid="346" type="MONITOR" value="LG localhost:7100$NeoLoad$lguserloadperpopulation~localhost:7100~Test Stop"/>
<objectids-entry key="¤¤" objectid="347" type="MONITOR" value="LG localhost:7100$NeoLoad$lguserloadperpopulation~localhost:7100~Test Stop~AppD - Test Stop"/>
<objectids-entry key="¤¤" objectid="348" type="MONITOR" value="LG localhost:7100$NeoLoad$lguserloadperpopulation~localhost:7100~Web Services"/>
<objectids-entry key="¤¤" objectid="349" type="MONITOR" value="LG localhost:7100$NeoLoad$lguserloadperpopulation~localhost:7100~Web Services~WSDL - good"/>
</objectids-table>
<!--****** DURATION ******-->
<duration value="601961"/>
<!--****** AGGREGATION PERIOD ******-->
<aggregation-period value="5000"/>
<!--****** EXTENDED STATISTICS ******-->
<truncated-mean centered-interval="true" percentage="90"/>
<percentile percentage="50"/>
</project>
