
	<!DOCTYPE project [
		<!ELEMENT project (objectids-table | current-scenario | duration | aggregation-period | truncated-mean | percentile)* >
	
		<!ELEMENT objectids-table (objectids-entry)* >
		<!ELEMENT objectids-entry (#PCDATA)>
		<!ELEMENT duration (#PCDATA)>
		<!ELEMENT truncated-mean (#PCDATA)>
		<!ELEMENT percentile (#PCDATA)>
		<!ELEMENT aggregation-period (#PCDATA)>
		<!ELEMENT current-scenario (#PCDATA)>
		<!ATTLIST duration
		    value CDATA #REQUIRED>
	    <!ATTLIST aggregation-period
		    value CDATA #REQUIRED>
		<!ATTLIST objectids-entry
		    objectid CDATA #REQUIRED
		    type CDATA #REQUIRED
		    value CDATA #REQUIRED
		    key CDATA #REQUIRED>
		<!ATTLIST truncated-mean
		    centered-interval CDATA #REQUIRED
		    percentage CDATA #REQUIRED>
		 <!ATTLIST percentile
		    percentage CDATA #REQUIRED>
	]>


<!--****** RUNTIME PROJECT ******--><project>
<!--****** CURRENT SCENARIO ******-->
<current-scenario>scenario1</current-scenario>
<!--****** OBJECTIDS ******-->
<objectids-table>
<objectids-entry key="" objectid="0" type="LG_HOST" value="localhost:7100"/>
<objectids-entry key="" objectid="1" type="ZONE" value="Default zone"/>
<objectids-entry key="Default zone¤Population1¤" objectid="2" type="POPULATION" value="Population1"/>
<objectids-entry key="Default zone¤Population1¤Browse" objectid="3" type="VIRTUAL_USER" value="Browse"/>
<objectids-entry key="Default zone¤Population1¤Browse" objectid="4" type="BASIC_LOGICAL_CONTAINER" value="$parent=Browse;$index=0"/>
<objectids-entry key="Default zone¤Population1¤Browse" objectid="5" type="BASIC_LOGICAL_CONTAINER" value="$parent=Browse;$index=1"/>
<objectids-entry key="Default zone¤Population1¤Browse" objectid="6" type="BASIC_LOGICAL_CONTAINER" value="4ea639cf-44fa-4c59-9bf9-555ff9a1592b"/>
<objectids-entry key="Default zone¤Population1¤Browse" objectid="7" type="HTTP_PAGE" value="f716e130-a198-40c2-af1e-d7e23d6f2c8d"/>
<objectids-entry key="Default zone¤Population1¤Browse" objectid="8" type="ACTION" value="a30b604a-6d39-453e-b75a-7f556c915842"/>
<objectids-entry key="Default zone¤Population1¤Browse" objectid="9" type="ACTION" value="c3a84f37-83fa-4cb0-a752-ff583bab6d3d"/>
<objectids-entry key="Default zone¤Population1¤Browse" objectid="10" type="HTTP_PAGE" value="14c4c2d5-d0a7-424b-b364-e24c15925b42"/>
<objectids-entry key="Default zone¤Population1¤Browse" objectid="11" type="ACTION" value="103bdbaa-f95e-45b6-81e1-d4dd26676945"/>
<objectids-entry key="Default zone¤Population1¤Browse" objectid="12" type="ACTION" value="7dd53099-ba9d-491a-8f8d-0b4e924d8495"/>
<objectids-entry key="Default zone¤Population1¤Browse" objectid="13" type="ACTION" value="32075e61-0cf8-4a4f-81f8-a29be4127e7a"/>
<objectids-entry key="Default zone¤Population1¤Browse" objectid="14" type="ACTION" value="8dea0417-8d80-44a5-8b9f-b32c961ec715"/>
<objectids-entry key="Default zone¤Population1¤Browse" objectid="15" type="ACTION" value="c99e8aae-102d-4ddf-a385-9a3e057d7f94"/>
<objectids-entry key="Default zone¤Population1¤Browse" objectid="16" type="ACTION" value="31bbb771-da32-49ba-ac3d-cfd9a8e97712"/>
<objectids-entry key="Default zone¤Population1¤Browse" objectid="17" type="ACTION" value="9ea714a0-3267-4b1c-8745-3b012e2b3ddf"/>
<objectids-entry key="Default zone¤Population1¤Browse" objectid="18" type="ACTION" value="20f80655-0429-4666-a557-6e1f355ce1c9"/>
<objectids-entry key="Default zone¤Population1¤Browse" objectid="19" type="ACTION" value="1a7d4c92-a020-455e-88d7-e0aed55f0e08"/>
<objectids-entry key="Default zone¤Population1¤Browse" objectid="20" type="ACTION" value="be07ae60-5e09-4cc5-926e-e9590842b3aa"/>
<objectids-entry key="Default zone¤Population1¤Browse" objectid="21" type="ACTION" value="70a38e8a-9ccc-4641-898a-12a3cac36df8"/>
<objectids-entry key="Default zone¤Population1¤Browse" objectid="22" type="ACTION" value="8008779f-b3b0-4637-93b9-fe835d58d7fd"/>
<objectids-entry key="Default zone¤Population1¤Browse" objectid="23" type="ACTION" value="67b79641-aee0-4d2b-b5f6-28b6eddbbd35"/>
<objectids-entry key="Default zone¤Population1¤Browse" objectid="24" type="ACTION" value="22f0de9d-f5e7-4457-8cfb-0db1e90f131a"/>
<objectids-entry key="Default zone¤Population1¤Browse" objectid="25" type="ACTION" value="436054e0-5851-4983-b10b-68afa0980557"/>
<objectids-entry key="Default zone¤Population1¤Browse" objectid="26" type="ACTION" value="dea697dd-6b59-4e61-922c-42b465d695ff"/>
<objectids-entry key="Default zone¤Population1¤Browse" objectid="27" type="ACTION" value="8d6befcb-e2e2-4353-bf08-da1439f2dd72"/>
<objectids-entry key="Default zone¤Population1¤Browse" objectid="28" type="ACTION" value="dedc6c1b-ebe2-49ce-8137-975ee0762e7d"/>
<objectids-entry key="Default zone¤Population1¤Browse" objectid="29" type="ACTION" value="69c69070-15a0-4dc0-95d3-4692b682803a"/>
<objectids-entry key="Default zone¤Population1¤Browse" objectid="30" type="ACTION" value="9a5147ea-7995-4189-8df7-d36b6c89fb7d"/>
<objectids-entry key="Default zone¤Population1¤Browse" objectid="31" type="ACTION" value="30ed5f6c-1c3b-4dfc-977a-23ce86d5a129"/>
<objectids-entry key="Default zone¤Population1¤Browse" objectid="32" type="ACTION" value="c4a8ebe9-971d-4046-826e-bd4e23796d05"/>
<objectids-entry key="Default zone¤Population1¤Browse" objectid="33" type="ACTION" value="c30229c8-d32a-4e8c-9caa-5f28bbb4e2f2"/>
<objectids-entry key="Default zone¤Population1¤Browse" objectid="34" type="ACTION" value="c44ae9a1-06f8-49c8-8ca0-239fa31889bc"/>
<objectids-entry key="Default zone¤Population1¤Browse" objectid="35" type="ACTION" value="1055ac34-cbf8-4fcd-9438-4e6157984b91"/>
<objectids-entry key="Default zone¤Population1¤Browse" objectid="36" type="ACTION" value="52e3acef-a581-45d7-bf7b-9b1325fbff6e"/>
<objectids-entry key="Default zone¤Population1¤Browse" objectid="37" type="ACTION" value="2f2b828b-d654-40b1-a048-931560c1d67e"/>
<objectids-entry key="Default zone¤Population1¤Browse" objectid="38" type="ACTION" value="1be7eadc-3156-4760-bed9-0fd739daa8b2"/>
<objectids-entry key="Default zone¤Population1¤Browse" objectid="39" type="ACTION" value="fccac29f-af45-48a9-b413-00ce9c854449"/>
<objectids-entry key="Default zone¤Population1¤Browse" objectid="40" type="ACTION" value="469dae30-b706-4fac-a358-d72cbd63c843"/>
<objectids-entry key="Default zone¤Population1¤Browse" objectid="41" type="ACTION" value="cf2d7e3a-9369-41c8-86bf-e70b3065c72b"/>
<objectids-entry key="Default zone¤Population1¤Browse" objectid="42" type="ACTION" value="0da58613-d3c5-4a30-97e9-9410adc208cf"/>
<objectids-entry key="Default zone¤Population1¤Browse" objectid="43" type="ACTION" value="71431095-df85-4d50-8915-1d29eff42c2f"/>
<objectids-entry key="Default zone¤Population1¤Browse" objectid="44" type="ACTION" value="31e59b84-2312-48f5-aaca-458381a8c03e"/>
<objectids-entry key="Default zone¤Population1¤Browse" objectid="45" type="ACTION" value="6f977178-bfe7-4999-abf3-19d785fe737d"/>
<objectids-entry key="Default zone¤Population1¤Browse" objectid="46" type="ACTION" value="6dcc592f-f069-4bd9-a2ce-33a677a49008"/>
<objectids-entry key="Default zone¤Population1¤Browse" objectid="47" type="ACTION" value="2419acd1-06f9-481b-b9fa-3e390fee56e2"/>
<objectids-entry key="Default zone¤Population1¤Browse" objectid="48" type="ACTION" value="50f57c75-56f9-4e9e-835e-9b26079c8a9a"/>
<objectids-entry key="Default zone¤Population1¤Browse" objectid="49" type="ACTION" value="8dc378d5-6feb-4716-9de4-375a85aece8b"/>
<objectids-entry key="Default zone¤Population1¤Browse" objectid="50" type="ACTION" value="6965b57d-7f01-480d-ab87-231b1d65772a"/>
<objectids-entry key="Default zone¤Population1¤Browse" objectid="51" type="ACTION" value="0589a778-e727-437b-81f8-d06e9b16a3dc"/>
<objectids-entry key="Default zone¤Population1¤Browse" objectid="52" type="ACTION" value="b77cb8b3-dfb8-4038-9cf8-77146d425b8f"/>
<objectids-entry key="Default zone¤Population1¤Browse" objectid="53" type="ACTION" value="dfbcdc95-121e-4178-94c3-4ab4714b5020"/>
<objectids-entry key="Default zone¤Population1¤Browse" objectid="54" type="ACTION" value="f3250d90-33a6-42dc-93be-79c5ef15e81d"/>
<objectids-entry key="Default zone¤Population1¤Browse" objectid="55" type="ACTION" value="a5295018-e310-4b8a-9855-ccf220879bcb"/>
<objectids-entry key="Default zone¤Population1¤Browse" objectid="56" type="ACTION" value="0260a288-2cb4-4ca2-859e-63f589788314"/>
<objectids-entry key="Default zone¤Population1¤Browse" objectid="57" type="ACTION" value="0b3b50f8-e7b8-4d14-bfcb-36bd5b5d6a13"/>
<objectids-entry key="Default zone¤Population1¤Browse" objectid="58" type="BASIC_LOGICAL_CONTAINER" value="ef40ecf1-4269-429e-bf63-786b91d34b20"/>
<objectids-entry key="Default zone¤Population1¤Browse" objectid="59" type="HTTP_PAGE" value="d9cf003c-938e-4129-a24a-a18a147bfec7"/>
<objectids-entry key="Default zone¤Population1¤Browse" objectid="60" type="ACTION" value="431f9231-391c-4a2c-abb2-8db26e9dacbd"/>
<objectids-entry key="Default zone¤Population1¤Browse" objectid="61" type="ACTION" value="4fa7df52-46c2-4e47-a623-398b57155b55"/>
<objectids-entry key="Default zone¤Population1¤Browse" objectid="62" type="BASIC_LOGICAL_CONTAINER" value="75509f2d-4931-4dba-add4-475622cf59e1"/>
<objectids-entry key="Default zone¤Population1¤Browse" objectid="63" type="HTTP_PAGE" value="f21a6740-3240-46f6-bfde-32fcb943be50"/>
<objectids-entry key="Default zone¤Population1¤Browse" objectid="64" type="ACTION" value="e7bf903b-ff85-4c5a-9fce-02ef7996b2b2"/>
<objectids-entry key="Default zone¤Population1¤Browse" objectid="65" type="ACTION" value="c44a748a-a57a-45fe-833f-b6bd7dc8accf"/>
<objectids-entry key="Default zone¤Population1¤Browse" objectid="66" type="ACTION" value="d7f8e961-ee5d-4ba4-9863-efd51083bbe5"/>
<objectids-entry key="Default zone¤Population1¤Browse" objectid="67" type="ACTION" value="1d5908e5-72b7-44c6-b03c-f3298734fb18"/>
<objectids-entry key="Default zone¤Population1¤Browse" objectid="68" type="ACTION" value="9c4d143a-aac2-463c-8b34-b718ed858325"/>
<objectids-entry key="Default zone¤Population1¤Browse" objectid="69" type="ACTION" value="0883505f-ca09-4c11-ac9d-d9ff62f88271"/>
<objectids-entry key="Default zone¤Population1¤Browse" objectid="70" type="ACTION" value="389da1bd-04a6-4ec3-8d30-c3dfdbf37692"/>
<objectids-entry key="Default zone¤Population1¤Browse" objectid="71" type="ACTION" value="43f9731b-4cd5-4343-8243-7c4a0a0b9c3f"/>
<objectids-entry key="Default zone¤Population1¤Browse" objectid="72" type="ACTION" value="81a17ea4-e4f5-4a5d-936e-9663b2c7a003"/>
<objectids-entry key="Default zone¤Population1¤Browse" objectid="73" type="ACTION" value="b1c2d0ce-878a-421e-b9b0-b202d9184f44"/>
<objectids-entry key="Default zone¤Population1¤Browse" objectid="74" type="BASIC_LOGICAL_CONTAINER" value="66c2dc3c-2469-4036-8ab1-69bbd1866496"/>
<objectids-entry key="Default zone¤Population1¤Browse" objectid="75" type="BASIC_LOGICAL_CONTAINER" value="3a1c64c8-3854-4b1b-996e-a2fed7fda816"/>
<objectids-entry key="Default zone¤Population1¤Browse" objectid="76" type="HTTP_PAGE" value="12e9c4f2-4c48-4f32-9808-fd2a7e0e5b07"/>
<objectids-entry key="Default zone¤Population1¤Browse" objectid="77" type="ACTION" value="faca7a20-3bc1-42cf-888e-3d458e4ac955"/>
<objectids-entry key="Default zone¤Population1¤Browse" objectid="78" type="HTTP_PAGE" value="27c8b7ab-0d68-43c6-8931-c6e1c930303d"/>
<objectids-entry key="Default zone¤Population1¤Browse" objectid="79" type="ACTION" value="28a9829e-e208-4d00-9d92-4ae9e5c18cdd"/>
<objectids-entry key="Default zone¤Population1¤Browse" objectid="80" type="ACTION" value="1d05227f-f174-4c6e-a99a-61e47230d419"/>
<objectids-entry key="Default zone¤Population1¤Browse" objectid="81" type="ACTION" value="597b57d1-1778-4470-8d46-b687dee45117"/>
<objectids-entry key="Default zone¤Population1¤Browse" objectid="82" type="HTTP_PAGE" value="70042831-65ca-4bd8-832c-87531633e33d"/>
<objectids-entry key="Default zone¤Population1¤Browse" objectid="83" type="ACTION" value="0f843461-559b-461e-b321-cca72241bb05"/>
<objectids-entry key="Default zone¤Population1¤Browse" objectid="84" type="ACTION" value="c62019f3-a409-407a-82c1-76ab403709b6"/>
<objectids-entry key="Default zone¤Population1¤Browse" objectid="85" type="ACTION" value="98e479ef-9799-4635-90b9-78475acf7a43"/>
<objectids-entry key="Default zone¤Population1¤Browse" objectid="86" type="ACTION" value="d91b2743-4ec8-4f17-83f6-6c4b4d075c2c"/>
<objectids-entry key="Default zone¤Population1¤Browse" objectid="87" type="ACTION" value="2d6e150f-743d-45df-90c3-f1f5b2a1bc34"/>
<objectids-entry key="Default zone¤Population1¤Browse" objectid="88" type="ACTION" value="e8c2fc0d-86f7-45fc-ae44-e6f731b21eed"/>
<objectids-entry key="Default zone¤Population1¤Browse" objectid="89" type="ACTION" value="44174425-c1ee-4b19-b689-1158b620140f"/>
<objectids-entry key="Default zone¤Population1¤Browse" objectid="90" type="ACTION" value="74838afa-e50f-4cb9-b97b-eccb1bde497e"/>
<objectids-entry key="Default zone¤Population1¤Browse" objectid="91" type="HTTP_PAGE" value="5702df71-6900-4ebb-8092-8f687b7c3b1e"/>
<objectids-entry key="Default zone¤Population1¤Browse" objectid="92" type="ACTION" value="29fe7c71-34f6-4c02-910d-93a8909b5a58"/>
<objectids-entry key="Default zone¤Population1¤Browse" objectid="93" type="BASIC_LOGICAL_CONTAINER" value="a371562d-bc70-4a15-87c4-4eb8c67398ec"/>
<objectids-entry key="Default zone¤Population1¤Browse" objectid="94" type="HTTP_PAGE" value="cc0133c7-1a60-40fc-9d5e-188fd4c3c196"/>
<objectids-entry key="Default zone¤Population1¤Browse" objectid="95" type="ACTION" value="5a67c364-47c1-4609-9c9e-8e02bb2d1cd5"/>
<objectids-entry key="Default zone¤Population1¤Browse" objectid="96" type="ACTION" value="c8ce3eaf-1bb8-4d78-a99a-f59ef4cc3d47"/>
<objectids-entry key="Default zone¤Population1¤Browse" objectid="97" type="BASIC_LOGICAL_CONTAINER" value="a8164ba0-6756-49d9-be0d-a59837cd7d96"/>
<objectids-entry key="Default zone¤Population1¤Browse" objectid="98" type="HTTP_PAGE" value="9b29409f-aa39-4af7-88f7-9c7bfb416221"/>
<objectids-entry key="Default zone¤Population1¤Browse" objectid="99" type="ACTION" value="b5fe57ce-1ff5-47a9-a35a-8f209a9c94ff"/>
<objectids-entry key="Default zone¤Population1¤Browse" objectid="100" type="BASIC_LOGICAL_CONTAINER" value="79f2e557-6726-47e8-a448-14ef3267a052"/>
<objectids-entry key="Default zone¤Population1¤Browse" objectid="101" type="BASIC_LOGICAL_CONTAINER" value="cf676188-8c27-42db-bc24-ad7bf060e769"/>
<objectids-entry key="Default zone¤Population1¤Browse" objectid="102" type="HTTP_PAGE" value="16c86a09-1fe8-4eb5-b1f9-30959729d529"/>
<objectids-entry key="Default zone¤Population1¤Browse" objectid="103" type="ACTION" value="991f72d0-6de4-4732-acd9-2feb0e84ce14"/>
<objectids-entry key="Default zone¤Population1¤Browse" objectid="104" type="HTTP_PAGE" value="d7f3060e-d5d9-48b8-952d-d60d0d9c333e"/>
<objectids-entry key="Default zone¤Population1¤Browse" objectid="105" type="ACTION" value="85a13af0-b4d9-4615-9236-8b28e92ecf20"/>
<objectids-entry key="Default zone¤Population1¤Browse" objectid="106" type="ACTION" value="96e7a997-1744-4278-97e1-658b593b5746"/>
<objectids-entry key="Default zone¤Population1¤Browse" objectid="107" type="BASIC_LOGICAL_CONTAINER" value="ebd9d3ef-82d3-4aab-8b2a-a7ad08c85df1"/>
<objectids-entry key="Default zone¤Population1¤Browse" objectid="108" type="HTTP_PAGE" value="6478004c-008f-4d6f-813a-adbf7a1654c1"/>
<objectids-entry key="Default zone¤Population1¤Browse" objectid="109" type="ACTION" value="2ab06c18-8bb5-4267-b95c-ebc583621038"/>
<objectids-entry key="Default zone¤Population1¤Browse" objectid="110" type="ACTION" value="8f69ea7f-8576-4bec-bfe0-4939db72247d"/>
<objectids-entry key="Default zone¤Population1¤Browse" objectid="111" type="BASIC_LOGICAL_CONTAINER" value="48c148b8-5dbb-4f4f-8910-8ce25cff89bc"/>
<objectids-entry key="Default zone¤Population1¤Browse" objectid="112" type="HTTP_PAGE" value="358a5bab-822d-4f1b-a1e0-b592f673641f"/>
<objectids-entry key="Default zone¤Population1¤Browse" objectid="113" type="ACTION" value="ea1105f6-322a-48b8-80ed-aceaa88caafd"/>
<objectids-entry key="Default zone¤Population1¤Browse" objectid="114" type="BASIC_LOGICAL_CONTAINER" value="$parent=Browse;$index=2"/>
<objectids-entry key="Default zone¤Population1¤Admin Site Browse" objectid="115" type="VIRTUAL_USER" value="Admin Site Browse"/>
<objectids-entry key="Default zone¤Population1¤Admin Site Browse" objectid="116" type="BASIC_LOGICAL_CONTAINER" value="$parent=Admin Site Browse;$index=0"/>
<objectids-entry key="Default zone¤Population1¤Admin Site Browse" objectid="117" type="BASIC_LOGICAL_CONTAINER" value="$parent=Admin Site Browse;$index=1"/>
<objectids-entry key="Default zone¤Population1¤Admin Site Browse" objectid="118" type="BASIC_LOGICAL_CONTAINER" value="d63add86-9c48-4050-8018-890b60b74020"/>
<objectids-entry key="Default zone¤Population1¤Admin Site Browse" objectid="119" type="HTTP_PAGE" value="669097a1-6345-41be-ab6c-2bc63412dbef"/>
<objectids-entry key="Default zone¤Population1¤Admin Site Browse" objectid="120" type="ACTION" value="15b6714d-b5e7-457f-8de6-e4d9c06efe8d"/>
<objectids-entry key="Default zone¤Population1¤Admin Site Browse" objectid="121" type="ACTION" value="4ee57d1b-e573-4e18-81c5-1ef19b953140"/>
<objectids-entry key="Default zone¤Population1¤Admin Site Browse" objectid="122" type="ACTION" value="95268ba6-804c-4a05-beb8-18ad0cf3d612"/>
<objectids-entry key="Default zone¤Population1¤Admin Site Browse" objectid="123" type="ACTION" value="8ff37c13-974b-4e00-ba9e-b691f6eaed93"/>
<objectids-entry key="Default zone¤Population1¤Admin Site Browse" objectid="124" type="ACTION" value="df469cc7-3441-4295-a377-711113d9bfe2"/>
<objectids-entry key="Default zone¤Population1¤Admin Site Browse" objectid="125" type="ACTION" value="23c0a133-ed21-4ae3-b100-84f9f70f145f"/>
<objectids-entry key="Default zone¤Population1¤Admin Site Browse" objectid="126" type="ACTION" value="7ae2ad53-a994-4523-af26-7cb1b4d831a1"/>
<objectids-entry key="Default zone¤Population1¤Admin Site Browse" objectid="127" type="ACTION" value="fb0e797d-6fdb-4e24-9a69-9fe3f33bbc73"/>
<objectids-entry key="Default zone¤Population1¤Admin Site Browse" objectid="128" type="ACTION" value="52035932-bc84-4c94-95fc-e18ad80926c1"/>
<objectids-entry key="Default zone¤Population1¤Admin Site Browse" objectid="129" type="ACTION" value="d404baa1-a606-46d2-a934-1c867995123c"/>
<objectids-entry key="Default zone¤Population1¤Admin Site Browse" objectid="130" type="ACTION" value="a2ed2f01-ae84-459f-9f53-9f0bfab49ed6"/>
<objectids-entry key="Default zone¤Population1¤Admin Site Browse" objectid="131" type="ACTION" value="c46910ca-3a30-4795-b162-a42b7ca67cb4"/>
<objectids-entry key="Default zone¤Population1¤Admin Site Browse" objectid="132" type="ACTION" value="d8d4efd2-20e6-46a6-be37-648b28ff6af7"/>
<objectids-entry key="Default zone¤Population1¤Admin Site Browse" objectid="133" type="ACTION" value="4f817bf0-c841-4224-acc1-7f394da2f494"/>
<objectids-entry key="Default zone¤Population1¤Admin Site Browse" objectid="134" type="ACTION" value="74b02d7f-5042-4d8f-bb8b-43cf77656152"/>
<objectids-entry key="Default zone¤Population1¤Admin Site Browse" objectid="135" type="ACTION" value="58e2aa40-be46-428c-87a6-b6df079c3e0a"/>
<objectids-entry key="Default zone¤Population1¤Admin Site Browse" objectid="136" type="ACTION" value="92a2f52e-8e2d-4b90-a57a-83add3d0bcd3"/>
<objectids-entry key="Default zone¤Population1¤Admin Site Browse" objectid="137" type="ACTION" value="f3739fe5-39be-459c-b33e-722bb05326f5"/>
<objectids-entry key="Default zone¤Population1¤Admin Site Browse" objectid="138" type="ACTION" value="ec1e84fe-eeb3-4647-bc2f-9ff80f78b090"/>
<objectids-entry key="Default zone¤Population1¤Admin Site Browse" objectid="139" type="ACTION" value="3121565a-469b-43a8-90a7-77349e40fdde"/>
<objectids-entry key="Default zone¤Population1¤Admin Site Browse" objectid="140" type="ACTION" value="12b61059-fbde-4606-b43a-e51cacdc06d1"/>
<objectids-entry key="Default zone¤Population1¤Admin Site Browse" objectid="141" type="ACTION" value="cd4ec552-dc8c-4146-b6b5-09f6ca6d67a6"/>
<objectids-entry key="Default zone¤Population1¤Admin Site Browse" objectid="142" type="ACTION" value="f49c0509-812c-448a-aecb-dcdaf63fc7e2"/>
<objectids-entry key="Default zone¤Population1¤Admin Site Browse" objectid="143" type="ACTION" value="72f9fc6e-85c2-4c9d-9a54-4487a2498c1c"/>
<objectids-entry key="Default zone¤Population1¤Admin Site Browse" objectid="144" type="ACTION" value="0ce16978-0282-4c3b-b0d9-7053358eb507"/>
<objectids-entry key="Default zone¤Population1¤Admin Site Browse" objectid="145" type="ACTION" value="384a39ec-9876-4ac7-bb1f-180ab44abd02"/>
<objectids-entry key="Default zone¤Population1¤Admin Site Browse" objectid="146" type="ACTION" value="6e282413-8674-4ce6-b2cc-146f9c9dd312"/>
<objectids-entry key="Default zone¤Population1¤Admin Site Browse" objectid="147" type="ACTION" value="949e084c-6ef4-4d0d-9bd0-abaf82b05ef9"/>
<objectids-entry key="Default zone¤Population1¤Admin Site Browse" objectid="148" type="ACTION" value="7d6f842f-6e37-4733-84b0-d20d0266e8d5"/>
<objectids-entry key="Default zone¤Population1¤Admin Site Browse" objectid="149" type="ACTION" value="470c2f9c-5646-49b6-8b71-dbb94df0d8fd"/>
<objectids-entry key="Default zone¤Population1¤Admin Site Browse" objectid="150" type="ACTION" value="d84a40b8-1a53-4070-8cd9-6f33ad9dff43"/>
<objectids-entry key="Default zone¤Population1¤Admin Site Browse" objectid="151" type="ACTION" value="901f714d-e4ed-47b9-bb1a-4a3e3fa999ac"/>
<objectids-entry key="Default zone¤Population1¤Admin Site Browse" objectid="152" type="ACTION" value="d9bbc169-6f12-4e55-8d92-5110e07fa9d4"/>
<objectids-entry key="Default zone¤Population1¤Admin Site Browse" objectid="153" type="ACTION" value="37051ead-84de-4a02-a4cd-804df6e6ddca"/>
<objectids-entry key="Default zone¤Population1¤Admin Site Browse" objectid="154" type="ACTION" value="86b4ad71-8e7c-4a84-a43d-6c90acb83fbc"/>
<objectids-entry key="Default zone¤Population1¤Admin Site Browse" objectid="155" type="ACTION" value="fe23d709-a99d-4b3c-aae9-722d035ecc89"/>
<objectids-entry key="Default zone¤Population1¤Admin Site Browse" objectid="156" type="ACTION" value="ebbeccf4-684d-4029-a150-f35326a262f7"/>
<objectids-entry key="Default zone¤Population1¤Admin Site Browse" objectid="157" type="ACTION" value="2aa12572-5091-4e93-8b76-e80fac8fc4a2"/>
<objectids-entry key="Default zone¤Population1¤Admin Site Browse" objectid="158" type="ACTION" value="16b81a8a-b738-4954-9ab6-5b8cb6b4217c"/>
<objectids-entry key="Default zone¤Population1¤Admin Site Browse" objectid="159" type="ACTION" value="03fcd07a-a965-4ff4-aee2-646b64e3cbc5"/>
<objectids-entry key="Default zone¤Population1¤Admin Site Browse" objectid="160" type="ACTION" value="e1dc76b2-2340-4baa-b996-9f3af447e6e7"/>
<objectids-entry key="Default zone¤Population1¤Admin Site Browse" objectid="161" type="ACTION" value="42057c2d-d75c-408a-b155-d734266825e8"/>
<objectids-entry key="Default zone¤Population1¤Admin Site Browse" objectid="162" type="ACTION" value="832b8d8b-4b35-400c-a10d-bdc5e4b184de"/>
<objectids-entry key="Default zone¤Population1¤Admin Site Browse" objectid="163" type="ACTION" value="f7982c85-1877-4f76-9ee8-eb2ab6deefc6"/>
<objectids-entry key="Default zone¤Population1¤Admin Site Browse" objectid="164" type="ACTION" value="bf871d63-e717-4a3f-917b-aab9a4817df1"/>
<objectids-entry key="Default zone¤Population1¤Admin Site Browse" objectid="165" type="ACTION" value="8af458b1-5912-4108-9eaf-91db88bcb4a0"/>
<objectids-entry key="Default zone¤Population1¤Admin Site Browse" objectid="166" type="ACTION" value="53278f95-b9d5-4e73-b634-a4c643a3ee12"/>
<objectids-entry key="Default zone¤Population1¤Admin Site Browse" objectid="167" type="ACTION" value="90ba846f-ea31-43c4-a62c-aa993592b668"/>
<objectids-entry key="Default zone¤Population1¤Admin Site Browse" objectid="168" type="ACTION" value="6f0f7edf-0379-4ff8-8168-c49620df1009"/>
<objectids-entry key="Default zone¤Population1¤Admin Site Browse" objectid="169" type="ACTION" value="9b636521-d04a-4769-b9b1-d6807f49bd23"/>
<objectids-entry key="Default zone¤Population1¤Admin Site Browse" objectid="170" type="ACTION" value="d9e5c95a-34cf-4eb0-bbf4-93314458a412"/>
<objectids-entry key="Default zone¤Population1¤Admin Site Browse" objectid="171" type="ACTION" value="038803e5-d2ed-499d-9b2e-301d51284709"/>
<objectids-entry key="Default zone¤Population1¤Admin Site Browse" objectid="172" type="ACTION" value="78e16812-d3e3-4fae-874c-394967a346f4"/>
<objectids-entry key="Default zone¤Population1¤Admin Site Browse" objectid="173" type="ACTION" value="ab55786c-9f1a-4588-9a5c-fe7d75df6019"/>
<objectids-entry key="Default zone¤Population1¤Admin Site Browse" objectid="174" type="ACTION" value="2d20ba70-8abc-4fba-8fc2-c586799f14e2"/>
<objectids-entry key="Default zone¤Population1¤Admin Site Browse" objectid="175" type="ACTION" value="baa42cf2-2246-4168-9b39-b83768a8b3ba"/>
<objectids-entry key="Default zone¤Population1¤Admin Site Browse" objectid="176" type="ACTION" value="fea8e533-fd3f-4e13-8a88-c2ee32a3d91f"/>
<objectids-entry key="Default zone¤Population1¤Admin Site Browse" objectid="177" type="ACTION" value="c208b20d-0e7f-4862-a3d9-b4d7803abe0b"/>
<objectids-entry key="Default zone¤Population1¤Admin Site Browse" objectid="178" type="ACTION" value="a72eec5a-7d3c-469f-a06e-e13dcca4bdb5"/>
<objectids-entry key="Default zone¤Population1¤Admin Site Browse" objectid="179" type="ACTION" value="2dbf657e-3db1-4822-8da0-77bb70589b8d"/>
<objectids-entry key="Default zone¤Population1¤Admin Site Browse" objectid="180" type="ACTION" value="51f792d6-33f4-40b8-b62d-a26efc504479"/>
<objectids-entry key="Default zone¤Population1¤Admin Site Browse" objectid="181" type="ACTION" value="48741ce3-3074-4069-b092-2bf781e62ebf"/>
<objectids-entry key="Default zone¤Population1¤Admin Site Browse" objectid="182" type="ACTION" value="67f4e001-6b9e-4c0f-a03f-c7f8473921b3"/>
<objectids-entry key="Default zone¤Population1¤Admin Site Browse" objectid="183" type="ACTION" value="f41c4ad2-a265-42cf-9a96-362055dbe808"/>
<objectids-entry key="Default zone¤Population1¤Admin Site Browse" objectid="184" type="ACTION" value="246c63ee-8465-4697-8156-8b94a35ed4a5"/>
<objectids-entry key="Default zone¤Population1¤Admin Site Browse" objectid="185" type="ACTION" value="3d9b2f79-17f5-48e5-910a-a2f84fb4b6f4"/>
<objectids-entry key="Default zone¤Population1¤Admin Site Browse" objectid="186" type="ACTION" value="8c92e15f-5d22-4d27-88ce-515acd2c013a"/>
<objectids-entry key="Default zone¤Population1¤Admin Site Browse" objectid="187" type="ACTION" value="55b87c7a-4568-4d40-9d21-99e9bf2e84b3"/>
<objectids-entry key="Default zone¤Population1¤Admin Site Browse" objectid="188" type="ACTION" value="1e42256a-9b47-4fd0-824f-1bb41f1ba5bd"/>
<objectids-entry key="Default zone¤Population1¤Admin Site Browse" objectid="189" type="ACTION" value="7a20f92d-e25d-42f4-bf4b-70d23f79ddc3"/>
<objectids-entry key="Default zone¤Population1¤Admin Site Browse" objectid="190" type="ACTION" value="e8820c5f-c51d-42f8-a9d4-65f0df547e25"/>
<objectids-entry key="Default zone¤Population1¤Admin Site Browse" objectid="191" type="ACTION" value="87c7b3fe-1ac7-4d62-92e8-82a94af30e21"/>
<objectids-entry key="Default zone¤Population1¤Admin Site Browse" objectid="192" type="ACTION" value="ac0de1e1-8131-4478-a314-d694d0c2cd58"/>
<objectids-entry key="Default zone¤Population1¤Admin Site Browse" objectid="193" type="ACTION" value="f74d04ba-1df9-4ff5-873f-c9be7872ba00"/>
<objectids-entry key="Default zone¤Population1¤Admin Site Browse" objectid="194" type="ACTION" value="0784759d-aacb-40cf-a6f8-1de6be09ea0f"/>
<objectids-entry key="Default zone¤Population1¤Admin Site Browse" objectid="195" type="ACTION" value="a0cdeff7-0cdb-4046-96f5-b4f37d94339b"/>
<objectids-entry key="Default zone¤Population1¤Admin Site Browse" objectid="196" type="ACTION" value="90757bf4-3a9d-4bde-b099-761144e80654"/>
<objectids-entry key="Default zone¤Population1¤Admin Site Browse" objectid="197" type="ACTION" value="7184b3a5-f955-46d1-bb53-c925d6eaaaf4"/>
<objectids-entry key="Default zone¤Population1¤Admin Site Browse" objectid="198" type="ACTION" value="8e2e2b0e-5f20-404c-892b-553c2da19bd8"/>
<objectids-entry key="Default zone¤Population1¤Admin Site Browse" objectid="199" type="ACTION" value="eba56e7d-cc18-457f-8762-2e554d94dba7"/>
<objectids-entry key="Default zone¤Population1¤Admin Site Browse" objectid="200" type="ACTION" value="a10a649e-d2a5-43ed-98f2-6b66389eddd7"/>
<objectids-entry key="Default zone¤Population1¤Admin Site Browse" objectid="201" type="ACTION" value="534a5d11-41b6-4740-ba87-fcd6951d32f0"/>
<objectids-entry key="Default zone¤Population1¤Admin Site Browse" objectid="202" type="ACTION" value="dd549d9e-5289-4644-92d9-f7e22def6675"/>
<objectids-entry key="Default zone¤Population1¤Admin Site Browse" objectid="203" type="ACTION" value="db07b8db-0d71-4b8b-b638-173161190bfd"/>
<objectids-entry key="Default zone¤Population1¤Admin Site Browse" objectid="204" type="ACTION" value="d321a9ac-4308-4fc0-abff-134e03577c46"/>
<objectids-entry key="Default zone¤Population1¤Admin Site Browse" objectid="205" type="ACTION" value="20055565-b32b-4a11-818e-7a5ba4ad3314"/>
<objectids-entry key="Default zone¤Population1¤Admin Site Browse" objectid="206" type="BASIC_LOGICAL_CONTAINER" value="d4290160-c0ff-4490-aa28-013a0196b807"/>
<objectids-entry key="Default zone¤Population1¤Admin Site Browse" objectid="207" type="HTTP_PAGE" value="c3302b6e-9dcb-47f2-aebc-3bbcdb684ac6"/>
<objectids-entry key="Default zone¤Population1¤Admin Site Browse" objectid="208" type="ACTION" value="88a6afa0-9a43-4c56-9863-114659635734"/>
<objectids-entry key="Default zone¤Population1¤Admin Site Browse" objectid="209" type="ACTION" value="c52380c9-078f-4bcc-98fe-5ee328026213"/>
<objectids-entry key="Default zone¤Population1¤Admin Site Browse" objectid="210" type="ACTION" value="72922fbf-4131-4bea-a4b9-16eba011f84d"/>
<objectids-entry key="Default zone¤Population1¤Admin Site Browse" objectid="211" type="ACTION" value="cec20ed2-50f1-4cd2-a58a-49f1c32bf939"/>
<objectids-entry key="Default zone¤Population1¤Admin Site Browse" objectid="212" type="ACTION" value="4e8a18a1-5848-440e-b7ab-a03b06de8616"/>
<objectids-entry key="Default zone¤Population1¤Admin Site Browse" objectid="213" type="ACTION" value="68ee9341-e567-47df-8489-75f635b55623"/>
<objectids-entry key="Default zone¤Population1¤Admin Site Browse" objectid="214" type="ACTION" value="39fc9d56-c0e7-438f-87ac-0f31edc0b6c2"/>
<objectids-entry key="Default zone¤Population1¤Admin Site Browse" objectid="215" type="ACTION" value="75493402-254b-49df-9349-188c6c48ebf6"/>
<objectids-entry key="Default zone¤Population1¤Admin Site Browse" objectid="216" type="ACTION" value="c9085904-47cf-47be-baad-4d2dca015726"/>
<objectids-entry key="Default zone¤Population1¤Admin Site Browse" objectid="217" type="ACTION" value="0d63e99f-7f6b-4d3f-99f4-cd4e749d0566"/>
<objectids-entry key="Default zone¤Population1¤Admin Site Browse" objectid="218" type="ACTION" value="ceb41d8c-be4a-4cbd-8119-6bdd02b1680a"/>
<objectids-entry key="Default zone¤Population1¤Admin Site Browse" objectid="219" type="ACTION" value="c7361549-d2c5-449b-9f20-e196fb25e9d2"/>
<objectids-entry key="Default zone¤Population1¤Admin Site Browse" objectid="220" type="ACTION" value="f069f119-792f-49a2-8019-d641eca1864e"/>
<objectids-entry key="Default zone¤Population1¤Admin Site Browse" objectid="221" type="ACTION" value="64c3fd2b-0932-4038-af25-4802db08029f"/>
<objectids-entry key="Default zone¤Population1¤Admin Site Browse" objectid="222" type="ACTION" value="784e98e4-cc4b-43d1-ac6a-1fa0b05e487f"/>
<objectids-entry key="Default zone¤Population1¤Admin Site Browse" objectid="223" type="ACTION" value="e4912f35-5d10-4d9a-b3d5-cfa27464093f"/>
<objectids-entry key="Default zone¤Population1¤Admin Site Browse" objectid="224" type="ACTION" value="6951a5ee-4265-48c1-9d6a-a2516e2f1c39"/>
<objectids-entry key="Default zone¤Population1¤Admin Site Browse" objectid="225" type="ACTION" value="6aa2d8ca-1b9f-4211-9776-ff59c604e362"/>
<objectids-entry key="Default zone¤Population1¤Admin Site Browse" objectid="226" type="ACTION" value="522611a8-00e3-4000-8fe0-172e189f71b8"/>
<objectids-entry key="Default zone¤Population1¤Admin Site Browse" objectid="227" type="ACTION" value="8c74ce76-db59-4dd4-b82e-ecc0a0e9eb20"/>
<objectids-entry key="Default zone¤Population1¤Admin Site Browse" objectid="228" type="ACTION" value="f3545b8a-e838-4588-ab7d-1cc7415b9dde"/>
<objectids-entry key="Default zone¤Population1¤Admin Site Browse" objectid="229" type="ACTION" value="76ea4ac1-9caf-4f27-84af-d87ea7b9ef1f"/>
<objectids-entry key="Default zone¤Population1¤Admin Site Browse" objectid="230" type="ACTION" value="ef7824a3-0fde-4c76-9253-4bdc1558e537"/>
<objectids-entry key="Default zone¤Population1¤Admin Site Browse" objectid="231" type="ACTION" value="f6f8afe8-b2db-4173-a9a6-0085e81ecc85"/>
<objectids-entry key="Default zone¤Population1¤Admin Site Browse" objectid="232" type="ACTION" value="1b19ff07-385e-43a6-9f78-57bba96a018b"/>
<objectids-entry key="Default zone¤Population1¤Admin Site Browse" objectid="233" type="ACTION" value="6013f9c5-67bb-430b-aae3-9b58bc744b46"/>
<objectids-entry key="Default zone¤Population1¤Admin Site Browse" objectid="234" type="ACTION" value="7e33b70b-e934-4c50-95be-f0a83901e546"/>
<objectids-entry key="Default zone¤Population1¤Admin Site Browse" objectid="235" type="ACTION" value="d6877d3f-bb1b-4fb8-be13-9aacdb130d21"/>
<objectids-entry key="Default zone¤Population1¤Admin Site Browse" objectid="236" type="ACTION" value="8ea80496-e423-4bc4-809e-aea40af7b347"/>
<objectids-entry key="Default zone¤Population1¤Admin Site Browse" objectid="237" type="ACTION" value="2583f672-fa74-4e3a-bc23-836d0d04ceb6"/>
<objectids-entry key="Default zone¤Population1¤Admin Site Browse" objectid="238" type="ACTION" value="d89f713b-e4bf-400a-ba5d-1da812885687"/>
<objectids-entry key="Default zone¤Population1¤Admin Site Browse" objectid="239" type="ACTION" value="4e113187-430e-4aa9-ad80-9faa8365aa66"/>
<objectids-entry key="Default zone¤Population1¤Admin Site Browse" objectid="240" type="ACTION" value="ccab4c2a-3dcd-493f-bee0-74c1fe9f1c74"/>
<objectids-entry key="Default zone¤Population1¤Admin Site Browse" objectid="241" type="ACTION" value="3ea1c460-7034-40f9-9092-3133a422dcd9"/>
<objectids-entry key="Default zone¤Population1¤Admin Site Browse" objectid="242" type="ACTION" value="22d485d4-493d-4c8b-9cd2-834cb3da5c72"/>
<objectids-entry key="Default zone¤Population1¤Admin Site Browse" objectid="243" type="ACTION" value="3abff873-ca9c-474c-8913-9346a4819ddc"/>
<objectids-entry key="Default zone¤Population1¤Admin Site Browse" objectid="244" type="ACTION" value="9c0359ed-87ff-43e1-89b4-2e739089393d"/>
<objectids-entry key="Default zone¤Population1¤Admin Site Browse" objectid="245" type="ACTION" value="87248b8c-f87e-4238-a55e-9e4f4c97341d"/>
<objectids-entry key="Default zone¤Population1¤Admin Site Browse" objectid="246" type="ACTION" value="35e716af-869c-4ba1-ab18-e462d4480e64"/>
<objectids-entry key="Default zone¤Population1¤Admin Site Browse" objectid="247" type="ACTION" value="a6f2f47c-89fc-4f1f-906e-a2f64b2e022a"/>
<objectids-entry key="Default zone¤Population1¤Admin Site Browse" objectid="248" type="ACTION" value="a37d4b4c-e968-428f-b59e-c8b2cd8f593a"/>
<objectids-entry key="Default zone¤Population1¤Admin Site Browse" objectid="249" type="ACTION" value="3d5a93fd-04c7-4e7d-9956-bcdebb8d2466"/>
<objectids-entry key="Default zone¤Population1¤Admin Site Browse" objectid="250" type="ACTION" value="85e714d0-b5ab-48d1-9ac3-a02bf32a21f1"/>
<objectids-entry key="Default zone¤Population1¤Admin Site Browse" objectid="251" type="BASIC_LOGICAL_CONTAINER" value="b28bd2aa-0bf4-4abb-b4d1-092a46ffbd96"/>
<objectids-entry key="Default zone¤Population1¤Admin Site Browse" objectid="252" type="HTTP_PAGE" value="dab7a48a-062c-4952-92ca-76805787174b"/>
<objectids-entry key="Default zone¤Population1¤Admin Site Browse" objectid="253" type="ACTION" value="f16948b6-acb5-4b5b-9c66-0b598e2f0047"/>
<objectids-entry key="Default zone¤Population1¤Admin Site Browse" objectid="254" type="ACTION" value="528739e5-de29-4a4f-b113-905c8c71ef5f"/>
<objectids-entry key="Default zone¤Population1¤Admin Site Browse" objectid="255" type="ACTION" value="85b5f2e5-7d41-49c0-a5b5-a24c053976a8"/>
<objectids-entry key="Default zone¤Population1¤Admin Site Browse" objectid="256" type="BASIC_LOGICAL_CONTAINER" value="6fa69a0b-71f9-45a5-87a2-5ba9795bfd96"/>
<objectids-entry key="Default zone¤Population1¤Admin Site Browse" objectid="257" type="HTTP_PAGE" value="f61a0963-6977-4fe7-bb13-8a8889ae4f22"/>
<objectids-entry key="Default zone¤Population1¤Admin Site Browse" objectid="258" type="ACTION" value="acc9742a-55b3-4504-9e83-8750bb190d76"/>
<objectids-entry key="Default zone¤Population1¤Admin Site Browse" objectid="259" type="ACTION" value="bb83f5e1-a9c9-42b6-889a-f04b9d892937"/>
<objectids-entry key="Default zone¤Population1¤Admin Site Browse" objectid="260" type="BASIC_LOGICAL_CONTAINER" value="ef2ff3fc-7b22-4214-a522-20a1cafd1f66"/>
<objectids-entry key="Default zone¤Population1¤Admin Site Browse" objectid="261" type="HTTP_PAGE" value="0e023ee8-46b6-4c9d-9ca0-a8b3dbd64a37"/>
<objectids-entry key="Default zone¤Population1¤Admin Site Browse" objectid="262" type="ACTION" value="c7ad7d77-d186-4cfc-9fe5-87d18d41a7c6"/>
<objectids-entry key="Default zone¤Population1¤Admin Site Browse" objectid="263" type="ACTION" value="8178d5cf-c6f2-4ed8-960f-00fced42687a"/>
<objectids-entry key="Default zone¤Population1¤Admin Site Browse" objectid="264" type="ACTION" value="ce21dc45-0428-4b24-8931-7b04fcb23615"/>
<objectids-entry key="Default zone¤Population1¤Admin Site Browse" objectid="265" type="ACTION" value="0db49d76-e581-48cb-9b68-c338341b783c"/>
<objectids-entry key="Default zone¤Population1¤Admin Site Browse" objectid="266" type="ACTION" value="69e8f198-7fc1-4925-9aaf-51b6473c85ee"/>
<objectids-entry key="Default zone¤Population1¤Admin Site Browse" objectid="267" type="BASIC_LOGICAL_CONTAINER" value="0bc03f4e-ad38-4ba7-a274-9460758c8e99"/>
<objectids-entry key="Default zone¤Population1¤Admin Site Browse" objectid="268" type="HTTP_PAGE" value="9ce55d28-8b03-48b5-8214-39325bec1923"/>
<objectids-entry key="Default zone¤Population1¤Admin Site Browse" objectid="269" type="ACTION" value="6872830c-a377-4b64-9394-d0390caae30d"/>
<objectids-entry key="Default zone¤Population1¤Admin Site Browse" objectid="270" type="ACTION" value="d4ac490e-d0a9-4890-80b9-1a27d52caac5"/>
<objectids-entry key="Default zone¤Population1¤Admin Site Browse" objectid="271" type="ACTION" value="81efe174-6f04-4654-8ea3-66d0b0e39296"/>
<objectids-entry key="Default zone¤Population1¤Admin Site Browse" objectid="272" type="ACTION" value="de07b571-dfdc-47fd-b335-7175bcda24fc"/>
<objectids-entry key="Default zone¤Population1¤Admin Site Browse" objectid="273" type="ACTION" value="5d1304cf-7867-436d-92d1-735889d07a99"/>
<objectids-entry key="Default zone¤Population1¤Admin Site Browse" objectid="274" type="BASIC_LOGICAL_CONTAINER" value="206a2087-48df-43f6-9dcd-0fe03e68ee67"/>
<objectids-entry key="Default zone¤Population1¤Admin Site Browse" objectid="275" type="HTTP_PAGE" value="0d4b98ee-66dc-4c29-afb9-0ac9ff559005"/>
<objectids-entry key="Default zone¤Population1¤Admin Site Browse" objectid="276" type="ACTION" value="d7215bf3-0116-49b2-aa99-0d11b63f7802"/>
<objectids-entry key="Default zone¤Population1¤Admin Site Browse" objectid="277" type="ACTION" value="44098f8b-30c5-4117-9c4f-f5263feccd3b"/>
<objectids-entry key="Default zone¤Population1¤Admin Site Browse" objectid="278" type="ACTION" value="3dc11122-58b8-4c3e-88e1-87d8264f37e4"/>
<objectids-entry key="Default zone¤Population1¤Admin Site Browse" objectid="279" type="BASIC_LOGICAL_CONTAINER" value="bd6dc9f0-1adf-44c5-b933-c08a8874498c"/>
<objectids-entry key="Default zone¤Population1¤Admin Site Browse" objectid="280" type="HTTP_PAGE" value="d47e53d6-8db2-451a-a9c3-fd47f4ab367f"/>
<objectids-entry key="Default zone¤Population1¤Admin Site Browse" objectid="281" type="ACTION" value="2dcf3fcf-2389-4c32-8de8-d63244226a7f"/>
<objectids-entry key="Default zone¤Population1¤Admin Site Browse" objectid="282" type="ACTION" value="6f11c26f-de4a-439d-a9fa-1dac1c7b6c70"/>
<objectids-entry key="Default zone¤Population1¤Admin Site Browse" objectid="283" type="ACTION" value="7a6fa052-f45b-4031-9130-183ac8fedff3"/>
<objectids-entry key="Default zone¤Population1¤Admin Site Browse" objectid="284" type="ACTION" value="dbf311d6-f20c-43ed-af71-cef41315e872"/>
<objectids-entry key="Default zone¤Population1¤Admin Site Browse" objectid="285" type="BASIC_LOGICAL_CONTAINER" value="e1cef1a4-10f8-4351-af0c-cb779bd562a7"/>
<objectids-entry key="Default zone¤Population1¤Admin Site Browse" objectid="286" type="HTTP_PAGE" value="3b761df3-5c80-4b90-bfee-bb9900d41a28"/>
<objectids-entry key="Default zone¤Population1¤Admin Site Browse" objectid="287" type="ACTION" value="6ed22237-8c32-49a0-9752-d61216d978fb"/>
<objectids-entry key="Default zone¤Population1¤Admin Site Browse" objectid="288" type="ACTION" value="004a0031-981b-4936-9f4b-4e12680e89bc"/>
<objectids-entry key="Default zone¤Population1¤Admin Site Browse" objectid="289" type="ACTION" value="97097e8e-73e6-480a-bf17-f4c300186537"/>
<objectids-entry key="Default zone¤Population1¤Admin Site Browse" objectid="290" type="BASIC_LOGICAL_CONTAINER" value="$parent=Admin Site Browse;$index=2"/>
<objectids-entry key="Default zone¤Population1¤Check Order Status" objectid="291" type="VIRTUAL_USER" value="Check Order Status"/>
<objectids-entry key="Default zone¤Population1¤Check Order Status" objectid="292" type="BASIC_LOGICAL_CONTAINER" value="$parent=Check Order Status;$index=0"/>
<objectids-entry key="Default zone¤Population1¤Check Order Status" objectid="293" type="BASIC_LOGICAL_CONTAINER" value="$parent=Check Order Status;$index=1"/>
<objectids-entry key="Default zone¤Population1¤Check Order Status" objectid="294" type="BASIC_LOGICAL_CONTAINER" value="4765d80f-907a-44d2-8157-c4e3c2cb2e3c"/>
<objectids-entry key="Default zone¤Population1¤Check Order Status" objectid="295" type="HTTP_PAGE" value="db263835-163b-42d0-af85-d1714e185b0e"/>
<objectids-entry key="Default zone¤Population1¤Check Order Status" objectid="296" type="ACTION" value="c09834dd-13b5-4ff2-b4b8-30ef670fd911"/>
<objectids-entry key="Default zone¤Population1¤Check Order Status" objectid="297" type="ACTION" value="4a6c5d13-390e-4df1-b2c1-5c2d21f59071"/>
<objectids-entry key="Default zone¤Population1¤Check Order Status" objectid="298" type="HTTP_PAGE" value="4e95fb67-865b-47be-bb6e-0577b479457c"/>
<objectids-entry key="Default zone¤Population1¤Check Order Status" objectid="299" type="ACTION" value="541c4524-9456-4646-bb50-1031bcdeabb4"/>
<objectids-entry key="Default zone¤Population1¤Check Order Status" objectid="300" type="ACTION" value="6db409ae-e3dc-487a-bf1c-84340ac57c7a"/>
<objectids-entry key="Default zone¤Population1¤Check Order Status" objectid="301" type="ACTION" value="8b7c95e8-c44c-432a-a05b-ec8c16d54655"/>
<objectids-entry key="Default zone¤Population1¤Check Order Status" objectid="302" type="ACTION" value="028d7a5b-d2d7-4d20-ae06-553bb31ee242"/>
<objectids-entry key="Default zone¤Population1¤Check Order Status" objectid="303" type="ACTION" value="315353e4-7a44-4809-aa76-37c20d15d4c5"/>
<objectids-entry key="Default zone¤Population1¤Check Order Status" objectid="304" type="ACTION" value="4e279e00-89c6-46de-b35c-c37f9c81ba35"/>
<objectids-entry key="Default zone¤Population1¤Check Order Status" objectid="305" type="ACTION" value="d85a1e19-7e33-4574-a446-f7a959df95f4"/>
<objectids-entry key="Default zone¤Population1¤Check Order Status" objectid="306" type="ACTION" value="0e49d144-2284-4f23-bd41-8a037353d0c7"/>
<objectids-entry key="Default zone¤Population1¤Check Order Status" objectid="307" type="ACTION" value="39d5352e-a427-46cc-9c3d-a1351e4546f1"/>
<objectids-entry key="Default zone¤Population1¤Check Order Status" objectid="308" type="ACTION" value="dd7ef3d0-9993-4e6e-90bf-04d8053869c8"/>
<objectids-entry key="Default zone¤Population1¤Check Order Status" objectid="309" type="ACTION" value="e1fab803-4650-41c8-90fe-16e4f4a5e60b"/>
<objectids-entry key="Default zone¤Population1¤Check Order Status" objectid="310" type="ACTION" value="26f0893e-a96b-4157-8332-7e8144046404"/>
<objectids-entry key="Default zone¤Population1¤Check Order Status" objectid="311" type="ACTION" value="dbbcee28-5d4f-4683-afa8-962e56cbf8eb"/>
<objectids-entry key="Default zone¤Population1¤Check Order Status" objectid="312" type="ACTION" value="91e977fe-57e1-496c-bdef-3d8b95ca29c3"/>
<objectids-entry key="Default zone¤Population1¤Check Order Status" objectid="313" type="ACTION" value="07c676f2-8890-481b-85d7-c8fa9868bada"/>
<objectids-entry key="Default zone¤Population1¤Check Order Status" objectid="314" type="ACTION" value="6bbad858-7bca-4fe4-8aca-65d2e767a6e9"/>
<objectids-entry key="Default zone¤Population1¤Check Order Status" objectid="315" type="ACTION" value="80ae4070-658b-4629-a13c-158de4f96c39"/>
<objectids-entry key="Default zone¤Population1¤Check Order Status" objectid="316" type="ACTION" value="71ce0c9d-4ae3-474f-8249-161c780dfb4d"/>
<objectids-entry key="Default zone¤Population1¤Check Order Status" objectid="317" type="ACTION" value="fc3e0a0f-539e-46ce-8942-97030dd3c24f"/>
<objectids-entry key="Default zone¤Population1¤Check Order Status" objectid="318" type="ACTION" value="b2d11a78-727c-4f08-910f-09675f87a727"/>
<objectids-entry key="Default zone¤Population1¤Check Order Status" objectid="319" type="ACTION" value="3359e31b-aeab-41bd-999f-26b3cc1a66aa"/>
<objectids-entry key="Default zone¤Population1¤Check Order Status" objectid="320" type="ACTION" value="f6b62fe2-a4e0-479f-9ffa-7d3b8e3bb535"/>
<objectids-entry key="Default zone¤Population1¤Check Order Status" objectid="321" type="ACTION" value="9da4f18d-06db-41ae-8cf5-d4f4e9718b79"/>
<objectids-entry key="Default zone¤Population1¤Check Order Status" objectid="322" type="ACTION" value="e5b03973-9598-4769-a60e-6b2c883989e5"/>
<objectids-entry key="Default zone¤Population1¤Check Order Status" objectid="323" type="ACTION" value="b9e57d06-0765-45ed-adf9-028ec13afe73"/>
<objectids-entry key="Default zone¤Population1¤Check Order Status" objectid="324" type="ACTION" value="7370b852-b306-40df-8c36-0b8dad20d7ba"/>
<objectids-entry key="Default zone¤Population1¤Check Order Status" objectid="325" type="ACTION" value="42a5a6f6-3162-49d5-928a-633d086df89b"/>
<objectids-entry key="Default zone¤Population1¤Check Order Status" objectid="326" type="ACTION" value="26a1548e-51b2-494a-b909-555c3d2bed8a"/>
<objectids-entry key="Default zone¤Population1¤Check Order Status" objectid="327" type="ACTION" value="f9b45872-8c8b-4460-a4de-edcfb9194262"/>
<objectids-entry key="Default zone¤Population1¤Check Order Status" objectid="328" type="ACTION" value="9a3be307-52a7-48a0-8c61-75289774cec9"/>
<objectids-entry key="Default zone¤Population1¤Check Order Status" objectid="329" type="ACTION" value="e0910825-f4d1-43fe-8dc2-7d7aff8d67e2"/>
<objectids-entry key="Default zone¤Population1¤Check Order Status" objectid="330" type="ACTION" value="ddec69ec-223d-4931-b188-8a121f81f02a"/>
<objectids-entry key="Default zone¤Population1¤Check Order Status" objectid="331" type="ACTION" value="f287e09f-1024-4d4c-8188-7756ce961458"/>
<objectids-entry key="Default zone¤Population1¤Check Order Status" objectid="332" type="ACTION" value="dd94e975-c842-4bee-8261-1bcd95f15821"/>
<objectids-entry key="Default zone¤Population1¤Check Order Status" objectid="333" type="ACTION" value="560a7a8a-921c-4c33-b5bd-1739a470edd0"/>
<objectids-entry key="Default zone¤Population1¤Check Order Status" objectid="334" type="ACTION" value="2ab3564e-9c02-49bc-b0d5-8d98d0b194a1"/>
<objectids-entry key="Default zone¤Population1¤Check Order Status" objectid="335" type="ACTION" value="771f1dc8-fbdc-4f03-a703-0139d376d45d"/>
<objectids-entry key="Default zone¤Population1¤Check Order Status" objectid="336" type="ACTION" value="24d72df2-a9ca-417e-86e0-99a621e9f4a6"/>
<objectids-entry key="Default zone¤Population1¤Check Order Status" objectid="337" type="ACTION" value="b7b9b10b-7982-40c4-991d-89faf9f1799f"/>
<objectids-entry key="Default zone¤Population1¤Check Order Status" objectid="338" type="ACTION" value="963033c4-f049-4bde-a7b8-891f48b44681"/>
<objectids-entry key="Default zone¤Population1¤Check Order Status" objectid="339" type="ACTION" value="01f0a76a-9f3e-46f4-809f-a40e6fd162df"/>
<objectids-entry key="Default zone¤Population1¤Check Order Status" objectid="340" type="ACTION" value="796732e3-b22e-4acc-86e7-026199e1c3e7"/>
<objectids-entry key="Default zone¤Population1¤Check Order Status" objectid="341" type="ACTION" value="88b583a6-1281-454d-9a7d-c67fd2a46e84"/>
<objectids-entry key="Default zone¤Population1¤Check Order Status" objectid="342" type="ACTION" value="d6b11555-d065-4b2b-a7e9-2b1c3b3e61f9"/>
<objectids-entry key="Default zone¤Population1¤Check Order Status" objectid="343" type="ACTION" value="e7898914-fb50-43ca-a68d-2c243db3aafc"/>
<objectids-entry key="Default zone¤Population1¤Check Order Status" objectid="344" type="ACTION" value="71c5c458-4bbe-45c3-8a36-4c3dcf15275d"/>
<objectids-entry key="Default zone¤Population1¤Check Order Status" objectid="345" type="ACTION" value="fb11fb98-f15a-47cb-a5da-578968a3112f"/>
<objectids-entry key="Default zone¤Population1¤Check Order Status" objectid="346" type="BASIC_LOGICAL_CONTAINER" value="a7497325-16e7-4ccd-87af-a0bd9fc884b6"/>
<objectids-entry key="Default zone¤Population1¤Check Order Status" objectid="347" type="HTTP_PAGE" value="8ebfbcd2-c465-4993-9ba4-9ca06de344b2"/>
<objectids-entry key="Default zone¤Population1¤Check Order Status" objectid="348" type="ACTION" value="7ba575d9-34d3-4003-8b6e-eff7e76ad31b"/>
<objectids-entry key="Default zone¤Population1¤Check Order Status" objectid="349" type="ACTION" value="d8c55e71-7a20-4f19-96be-88201287a0e8"/>
<objectids-entry key="Default zone¤Population1¤Check Order Status" objectid="350" type="BASIC_LOGICAL_CONTAINER" value="bff6fb9b-d49e-43f7-b4e6-b7d50f1c7b6e"/>
<objectids-entry key="Default zone¤Population1¤Check Order Status" objectid="351" type="HTTP_PAGE" value="6e3563ab-1d6e-41f4-b04a-5c6d71072fd6"/>
<objectids-entry key="Default zone¤Population1¤Check Order Status" objectid="352" type="ACTION" value="0478e172-b2e3-4dbb-8229-902df1623934"/>
<objectids-entry key="Default zone¤Population1¤Check Order Status" objectid="353" type="BASIC_LOGICAL_CONTAINER" value="0904135d-7023-4271-b19e-f4f317eca9c5"/>
<objectids-entry key="Default zone¤Population1¤Check Order Status" objectid="354" type="HTTP_PAGE" value="8b9112d3-f482-4caa-ab93-d62e1a9d84c2"/>
<objectids-entry key="Default zone¤Population1¤Check Order Status" objectid="355" type="ACTION" value="2a569300-89b2-4bdd-b270-4412fb7221ca"/>
<objectids-entry key="Default zone¤Population1¤Check Order Status" objectid="356" type="BASIC_LOGICAL_CONTAINER" value="0ed3454e-3f41-424e-9d13-b884cd7818f4"/>
<objectids-entry key="Default zone¤Population1¤Check Order Status" objectid="357" type="HTTP_PAGE" value="41079795-0c0c-4841-81e0-b2514fc2e813"/>
<objectids-entry key="Default zone¤Population1¤Check Order Status" objectid="358" type="ACTION" value="e05813a1-682b-43bd-a6ba-ed21541be74b"/>
<objectids-entry key="Default zone¤Population1¤Check Order Status" objectid="359" type="BASIC_LOGICAL_CONTAINER" value="$parent=Check Order Status;$index=2"/>
<objectids-entry key="Default zone¤Population1¤New Buyer" objectid="360" type="VIRTUAL_USER" value="New Buyer"/>
<objectids-entry key="Default zone¤Population1¤New Buyer" objectid="361" type="BASIC_LOGICAL_CONTAINER" value="$parent=New Buyer;$index=0"/>
<objectids-entry key="Default zone¤Population1¤New Buyer" objectid="362" type="BASIC_LOGICAL_CONTAINER" value="$parent=New Buyer;$index=1"/>
<objectids-entry key="Default zone¤Population1¤New Buyer" objectid="363" type="BASIC_LOGICAL_CONTAINER" value="870e75da-c56f-443b-b50a-6679f30a5eb7"/>
<objectids-entry key="Default zone¤Population1¤New Buyer" objectid="364" type="HTTP_PAGE" value="0a034ed4-7920-46ce-a128-a2f5c94aa2c4"/>
<objectids-entry key="Default zone¤Population1¤New Buyer" objectid="365" type="ACTION" value="ad35f251-4a44-4847-bd0e-b53e91c680fd"/>
<objectids-entry key="Default zone¤Population1¤New Buyer" objectid="366" type="ACTION" value="a3754492-414f-45b6-bb3c-7897f04fd34c"/>
<objectids-entry key="Default zone¤Population1¤New Buyer" objectid="367" type="HTTP_PAGE" value="e53c7570-eaa5-4b8e-8374-c7b1c5832519"/>
<objectids-entry key="Default zone¤Population1¤New Buyer" objectid="368" type="ACTION" value="42eb90f6-2a3a-4c40-8453-a8fd9e9d953d"/>
<objectids-entry key="Default zone¤Population1¤New Buyer" objectid="369" type="ACTION" value="32dcdbfb-acbb-4591-9e25-62e9a6241e7a"/>
<objectids-entry key="Default zone¤Population1¤New Buyer" objectid="370" type="ACTION" value="3ba44ac8-841e-493b-a4ba-94337c4aefbc"/>
<objectids-entry key="Default zone¤Population1¤New Buyer" objectid="371" type="ACTION" value="bfb079b3-135b-41b9-9977-7b63dc7e0d89"/>
<objectids-entry key="Default zone¤Population1¤New Buyer" objectid="372" type="ACTION" value="7e12b9f8-f40b-49a6-ac50-a4cdab84da19"/>
<objectids-entry key="Default zone¤Population1¤New Buyer" objectid="373" type="ACTION" value="a72005ed-4426-4d31-ad3b-4e9c48cbb7da"/>
<objectids-entry key="Default zone¤Population1¤New Buyer" objectid="374" type="ACTION" value="8bb76c94-9efd-40c9-9794-561700866c7b"/>
<objectids-entry key="Default zone¤Population1¤New Buyer" objectid="375" type="ACTION" value="d69f0dff-164a-431a-811b-5f43ebfa1a33"/>
<objectids-entry key="Default zone¤Population1¤New Buyer" objectid="376" type="ACTION" value="ebb200ea-d41c-47c2-a0b1-1b3eecbb3c1e"/>
<objectids-entry key="Default zone¤Population1¤New Buyer" objectid="377" type="ACTION" value="a06fecf9-9575-4ca4-a5a7-617d93f6ea6d"/>
<objectids-entry key="Default zone¤Population1¤New Buyer" objectid="378" type="ACTION" value="29881f12-af0d-468c-ac97-f0d66ea11bd5"/>
<objectids-entry key="Default zone¤Population1¤New Buyer" objectid="379" type="ACTION" value="9495f6a5-e9b9-428b-9958-bae95a56be92"/>
<objectids-entry key="Default zone¤Population1¤New Buyer" objectid="380" type="ACTION" value="48a750d1-1f58-42f5-a4f0-938b4d5e4906"/>
<objectids-entry key="Default zone¤Population1¤New Buyer" objectid="381" type="ACTION" value="da709c8d-8c66-4e53-91e9-f8b0fa0cb94b"/>
<objectids-entry key="Default zone¤Population1¤New Buyer" objectid="382" type="ACTION" value="8bae9ed5-a3c6-45bd-930e-7cea89e75657"/>
<objectids-entry key="Default zone¤Population1¤New Buyer" objectid="383" type="ACTION" value="0d41de1a-1cf9-405f-8372-222baf94ddfd"/>
<objectids-entry key="Default zone¤Population1¤New Buyer" objectid="384" type="ACTION" value="b76150a2-2711-4c42-8037-bf71bc812a2a"/>
<objectids-entry key="Default zone¤Population1¤New Buyer" objectid="385" type="ACTION" value="d0bda4a8-dc32-498b-a975-7a5de2aa6ea1"/>
<objectids-entry key="Default zone¤Population1¤New Buyer" objectid="386" type="ACTION" value="5a9289ff-fe53-414b-b892-aac6c1f3456f"/>
<objectids-entry key="Default zone¤Population1¤New Buyer" objectid="387" type="ACTION" value="85c34980-edd0-41cc-9913-8709697b1174"/>
<objectids-entry key="Default zone¤Population1¤New Buyer" objectid="388" type="ACTION" value="c999b56f-1324-4b54-99ea-4ebeef268681"/>
<objectids-entry key="Default zone¤Population1¤New Buyer" objectid="389" type="ACTION" value="d1fdecae-7705-4453-87bc-dd468c24c383"/>
<objectids-entry key="Default zone¤Population1¤New Buyer" objectid="390" type="ACTION" value="2c4e2fe7-c197-4393-ab5e-08a96721c153"/>
<objectids-entry key="Default zone¤Population1¤New Buyer" objectid="391" type="ACTION" value="ea19428f-846a-45b0-92f0-ff556424335b"/>
<objectids-entry key="Default zone¤Population1¤New Buyer" objectid="392" type="ACTION" value="4cfabb9c-b6f5-4838-996b-83f50a7f8a9c"/>
<objectids-entry key="Default zone¤Population1¤New Buyer" objectid="393" type="ACTION" value="3b24d656-93b5-417d-9702-30241f6b26f4"/>
<objectids-entry key="Default zone¤Population1¤New Buyer" objectid="394" type="ACTION" value="d1dadb76-88de-4d4d-88ca-8bbe0620949f"/>
<objectids-entry key="Default zone¤Population1¤New Buyer" objectid="395" type="ACTION" value="7b206bf6-732a-4fa4-83e1-a7b9769cb984"/>
<objectids-entry key="Default zone¤Population1¤New Buyer" objectid="396" type="ACTION" value="170ae45d-9f21-45ec-8534-6a97ff8b5ae0"/>
<objectids-entry key="Default zone¤Population1¤New Buyer" objectid="397" type="ACTION" value="0bb53e88-0639-493e-b430-c092aafb363c"/>
<objectids-entry key="Default zone¤Population1¤New Buyer" objectid="398" type="ACTION" value="fc45c895-ee28-4eb2-b9a7-98713c268719"/>
<objectids-entry key="Default zone¤Population1¤New Buyer" objectid="399" type="ACTION" value="1f20369c-ea61-4654-80aa-95cc599538e8"/>
<objectids-entry key="Default zone¤Population1¤New Buyer" objectid="400" type="ACTION" value="7fab2454-0f98-4a8d-8d70-3295e4b7ae67"/>
<objectids-entry key="Default zone¤Population1¤New Buyer" objectid="401" type="ACTION" value="28c07ed8-3452-4b72-ad3b-003f347641f6"/>
<objectids-entry key="Default zone¤Population1¤New Buyer" objectid="402" type="ACTION" value="df591a39-35aa-494c-8d14-435faca619da"/>
<objectids-entry key="Default zone¤Population1¤New Buyer" objectid="403" type="ACTION" value="3da8c42a-eeef-47fe-a84b-ebdde87257ba"/>
<objectids-entry key="Default zone¤Population1¤New Buyer" objectid="404" type="ACTION" value="ad078e8e-5478-4040-a9bc-79c3df34439c"/>
<objectids-entry key="Default zone¤Population1¤New Buyer" objectid="405" type="ACTION" value="65ceda30-68bb-48d2-bda1-3219488ead3e"/>
<objectids-entry key="Default zone¤Population1¤New Buyer" objectid="406" type="ACTION" value="848b4ed1-73f0-44c8-beea-bcc96d8914cd"/>
<objectids-entry key="Default zone¤Population1¤New Buyer" objectid="407" type="ACTION" value="a692c952-11c1-4c40-97ea-f24e8158c6e7"/>
<objectids-entry key="Default zone¤Population1¤New Buyer" objectid="408" type="ACTION" value="44ddf35d-6514-4a11-b9e1-a11978983b9a"/>
<objectids-entry key="Default zone¤Population1¤New Buyer" objectid="409" type="ACTION" value="370aa8cf-0ceb-4779-8d82-4bcf98803795"/>
<objectids-entry key="Default zone¤Population1¤New Buyer" objectid="410" type="ACTION" value="386dd76b-452f-4dd9-b569-534b5e35861b"/>
<objectids-entry key="Default zone¤Population1¤New Buyer" objectid="411" type="ACTION" value="1d3f6562-31a4-40e3-a504-5e2e872f93eb"/>
<objectids-entry key="Default zone¤Population1¤New Buyer" objectid="412" type="ACTION" value="c6e7129c-c672-479e-9dea-1df4ce0ca946"/>
<objectids-entry key="Default zone¤Population1¤New Buyer" objectid="413" type="ACTION" value="cc73d730-8b61-46da-9d7c-5879478450f2"/>
<objectids-entry key="Default zone¤Population1¤New Buyer" objectid="414" type="ACTION" value="4212df92-a5f2-4b05-b0ca-98d0c1510225"/>
<objectids-entry key="Default zone¤Population1¤New Buyer" objectid="415" type="BASIC_LOGICAL_CONTAINER" value="6c28d019-39d5-4cd8-82c4-6958f02ad463"/>
<objectids-entry key="Default zone¤Population1¤New Buyer" objectid="416" type="HTTP_PAGE" value="b763ba57-e6a7-4fe7-b36f-4b8b37290e1f"/>
<objectids-entry key="Default zone¤Population1¤New Buyer" objectid="417" type="ACTION" value="d8e7bc54-0201-4585-8256-d6afa0099b25"/>
<objectids-entry key="Default zone¤Population1¤New Buyer" objectid="418" type="ACTION" value="35b66cf4-2b2b-4391-8091-f55af25fbecf"/>
<objectids-entry key="Default zone¤Population1¤New Buyer" objectid="419" type="ACTION" value="23cdca74-e5b1-47c0-9d19-59bd2a210477"/>
<objectids-entry key="Default zone¤Population1¤New Buyer" objectid="420" type="ACTION" value="931b4b02-4832-460b-82e6-39ca53dfd750"/>
<objectids-entry key="Default zone¤Population1¤New Buyer" objectid="421" type="ACTION" value="a4a6c2d2-c44b-4890-8e54-08dd7783ba9b"/>
<objectids-entry key="Default zone¤Population1¤New Buyer" objectid="422" type="BASIC_LOGICAL_CONTAINER" value="501a0841-d666-4f9b-b059-85b2c1bd1158"/>
<objectids-entry key="Default zone¤Population1¤New Buyer" objectid="423" type="HTTP_PAGE" value="f724ba21-d7bc-4064-94c3-5febcc525a29"/>
<objectids-entry key="Default zone¤Population1¤New Buyer" objectid="424" type="ACTION" value="11e6df59-5302-481b-a690-3cb2811e45df"/>
<objectids-entry key="Default zone¤Population1¤New Buyer" objectid="425" type="HTTP_PAGE" value="1d4b076e-be93-4aa8-bb93-2f258a23ada7"/>
<objectids-entry key="Default zone¤Population1¤New Buyer" objectid="426" type="ACTION" value="503f20be-7d27-4327-8e63-029547678d9c"/>
<objectids-entry key="Default zone¤Population1¤New Buyer" objectid="427" type="ACTION" value="245d0d53-7f7e-4b84-86fe-682f85cad5ad"/>
<objectids-entry key="Default zone¤Population1¤New Buyer" objectid="428" type="ACTION" value="078ef68d-72df-435b-a6ba-15da53877c1b"/>
<objectids-entry key="Default zone¤Population1¤New Buyer" objectid="429" type="ACTION" value="913d50f8-2bd2-4394-ac8c-142ecd60ca1d"/>
<objectids-entry key="Default zone¤Population1¤New Buyer" objectid="430" type="ACTION" value="e844ebf5-3970-4806-ae71-866d3c31510f"/>
<objectids-entry key="Default zone¤Population1¤New Buyer" objectid="431" type="ACTION" value="819e420a-3c29-4b1a-b7d2-c6dedebe8e27"/>
<objectids-entry key="Default zone¤Population1¤New Buyer" objectid="432" type="ACTION" value="a651ebf2-d068-4cf1-ae98-7031112fd0b9"/>
<objectids-entry key="Default zone¤Population1¤New Buyer" objectid="433" type="ACTION" value="a5791865-0816-4c72-b784-2b59b7b0ced2"/>
<objectids-entry key="Default zone¤Population1¤New Buyer" objectid="434" type="ACTION" value="315a332d-330c-4778-bf42-3ac3f824f0db"/>
<objectids-entry key="Default zone¤Population1¤New Buyer" objectid="435" type="ACTION" value="d427f87d-cf02-4148-9a33-2bfcdf935004"/>
<objectids-entry key="Default zone¤Population1¤New Buyer" objectid="436" type="ACTION" value="a0b64fb3-8d93-425c-a78d-29cfa3d71b0a"/>
<objectids-entry key="Default zone¤Population1¤New Buyer" objectid="437" type="ACTION" value="afce1001-51fb-426d-9702-b277368e1651"/>
<objectids-entry key="Default zone¤Population1¤New Buyer" objectid="438" type="BASIC_LOGICAL_CONTAINER" value="7589c23a-e94c-4b38-bea2-709dffb29af4"/>
<objectids-entry key="Default zone¤Population1¤New Buyer" objectid="439" type="HTTP_PAGE" value="660c3ca9-8884-4f72-9a58-ce99b21dc304"/>
<objectids-entry key="Default zone¤Population1¤New Buyer" objectid="440" type="ACTION" value="0a903f62-f93d-48ba-9235-8719434c1194"/>
<objectids-entry key="Default zone¤Population1¤New Buyer" objectid="441" type="ACTION" value="953e33fc-5b5c-4788-a77a-b6b8f872bf30"/>
<objectids-entry key="Default zone¤Population1¤New Buyer" objectid="442" type="BASIC_LOGICAL_CONTAINER" value="e8090efb-d93c-4f3c-8bc9-355a67a8dff8"/>
<objectids-entry key="Default zone¤Population1¤New Buyer" objectid="443" type="HTTP_PAGE" value="fdbddd19-3bd6-4794-8a59-7c33c865f15c"/>
<objectids-entry key="Default zone¤Population1¤New Buyer" objectid="444" type="ACTION" value="9bc86c17-7cf1-4ea8-9377-d2e0c3c67138"/>
<objectids-entry key="Default zone¤Population1¤New Buyer" objectid="445" type="ACTION" value="b3404f36-4878-4948-89b0-93518bae6eb6"/>
<objectids-entry key="Default zone¤Population1¤New Buyer" objectid="446" type="BASIC_LOGICAL_CONTAINER" value="ef28f609-7776-4636-91dd-4fb380c7b9a1"/>
<objectids-entry key="Default zone¤Population1¤New Buyer" objectid="447" type="HTTP_PAGE" value="60e67704-437c-4a9b-bbb4-4d4ed9808a7a"/>
<objectids-entry key="Default zone¤Population1¤New Buyer" objectid="448" type="ACTION" value="baf8add6-a417-4192-b08c-46ed701fc679"/>
<objectids-entry key="Default zone¤Population1¤New Buyer" objectid="449" type="ACTION" value="9792942b-9f0c-43eb-82f4-d983fd65bc88"/>
<objectids-entry key="Default zone¤Population1¤New Buyer" objectid="450" type="BASIC_LOGICAL_CONTAINER" value="b7069e0c-32bc-433f-bd8b-7e8ace250cf8"/>
<objectids-entry key="Default zone¤Population1¤New Buyer" objectid="451" type="HTTP_PAGE" value="fc0267fd-1d28-4b0e-a856-2c7a489f0fdb"/>
<objectids-entry key="Default zone¤Population1¤New Buyer" objectid="452" type="ACTION" value="7ca3b828-6618-4c7e-b496-49ca3a1d2052"/>
<objectids-entry key="Default zone¤Population1¤New Buyer" objectid="453" type="HTTP_PAGE" value="60bbe87c-995c-40e8-9b54-5b3e0e58dce4"/>
<objectids-entry key="Default zone¤Population1¤New Buyer" objectid="454" type="ACTION" value="f84357ea-4c31-4ab7-a596-73285af143a8"/>
<objectids-entry key="Default zone¤Population1¤New Buyer" objectid="455" type="ACTION" value="0a9e769a-ab29-4243-b324-e134b7b9d7e6"/>
<objectids-entry key="Default zone¤Population1¤New Buyer" objectid="456" type="HTTP_PAGE" value="309d819a-ef6d-47ca-ae17-bae46371a03f"/>
<objectids-entry key="Default zone¤Population1¤New Buyer" objectid="457" type="ACTION" value="f612330e-eaa1-46a5-8f0f-bb2c5e05c3ab"/>
<objectids-entry key="Default zone¤Population1¤New Buyer" objectid="458" type="BASIC_LOGICAL_CONTAINER" value="5954c403-d55f-41cd-8965-d3034ed98c29"/>
<objectids-entry key="Default zone¤Population1¤New Buyer" objectid="459" type="HTTP_PAGE" value="ed76ccfa-6db9-4826-a263-d641d4b369a1"/>
<objectids-entry key="Default zone¤Population1¤New Buyer" objectid="460" type="ACTION" value="d791a442-c833-4a78-b939-79349e5197c2"/>
<objectids-entry key="Default zone¤Population1¤New Buyer" objectid="461" type="BASIC_LOGICAL_CONTAINER" value="ec046aa8-6b3e-44f0-8bd3-7d2008ef3f90"/>
<objectids-entry key="Default zone¤Population1¤New Buyer" objectid="462" type="HTTP_PAGE" value="cb138230-d2f8-4e03-9021-648c43a8551c"/>
<objectids-entry key="Default zone¤Population1¤New Buyer" objectid="463" type="ACTION" value="b7e140ce-be22-46e5-a310-fcd59f00f587"/>
<objectids-entry key="Default zone¤Population1¤New Buyer" objectid="464" type="BASIC_LOGICAL_CONTAINER" value="3e530a8c-00a8-4e30-b2ab-ea9c863ae573"/>
<objectids-entry key="Default zone¤Population1¤New Buyer" objectid="465" type="HTTP_PAGE" value="ba8e198e-371d-4e8d-b162-ce6dc80f375b"/>
<objectids-entry key="Default zone¤Population1¤New Buyer" objectid="466" type="ACTION" value="c042b31e-3b2e-46f8-af00-a235b3957052"/>
<objectids-entry key="Default zone¤Population1¤New Buyer" objectid="467" type="JS_ACTION" value="ca3d3705-d5ea-4686-b629-d4c628bf7cbd"/>
<objectids-entry key="Default zone¤Population1¤New Buyer" objectid="468" type="BASIC_LOGICAL_CONTAINER" value="$parent=New Buyer;$index=2"/>
<objectids-entry key="¤¤" objectid="469" type="MONITORED_HOST" value="NeoLoad"/>
<objectids-entry key="¤¤" objectid="470" type="MONITORCONNECTION" value="NeoLoad$NeoLoad"/>
<objectids-entry key="¤¤" objectid="471" type="MONITOR" value="NeoLoad$NeoLoad$UserLoad"/>
<objectids-entry key="¤¤" objectid="472" type="MONITOR" value="NeoLoad$NeoLoad$throughput"/>
<objectids-entry key="¤¤" objectid="473" type="MONITOR" value="NeoLoad$NeoLoad$Alerts"/>
<objectids-entry key="¤¤" objectid="474" type="MONITOR" value="NeoLoad$NeoLoad$CriticalAlerts"/>
<objectids-entry key="¤¤" objectid="475" type="MONITOR" value="NeoLoad$NeoLoad$WarningAlerts"/>
<objectids-entry key="¤¤" objectid="476" type="MONITOR" value="NeoLoad$NeoLoad$cpu"/>
<objectids-entry key="¤¤" objectid="477" type="THRESHOLD" value="NeoLoad$NeoLoad$dd37c4b0-fae9-4354-8efd-91897296d518"/>
<objectids-entry key="¤¤" objectid="478" type="MONITOR" value="NeoLoad$NeoLoad$memory"/>
<objectids-entry key="¤¤" objectid="479" type="THRESHOLD" value="NeoLoad$NeoLoad$423070ce-94b2-49e8-be25-5cf05642be83"/>
<objectids-entry key="¤¤" objectid="480" type="MONITOR" value="NeoLoad$NeoLoad$threadcount"/>
<objectids-entry key="¤¤" objectid="481" type="MONITOR" value="NeoLoad$NeoLoad$connectedlg"/>
<objectids-entry key="¤¤" objectid="482" type="MONITOR" value="NeoLoad$NeoLoad$totallgdisconnections"/>
<objectids-entry key="¤¤" objectid="483" type="THRESHOLD" value="NeoLoad$NeoLoad$a65415c5-01ad-451c-9db2-807aee6a64ad"/>
<objectids-entry key="¤¤" objectid="484" type="MONITOR" value="NeoLoad$NeoLoad$totallgreconnections"/>
<objectids-entry key="¤¤" objectid="485" type="MONITOR" value="NeoLoad$NeoLoad$otcp.NeoLoad"/>
<objectids-entry key="¤¤" objectid="486" type="MONITOR" value="NeoLoad$NeoLoad$tcp.NeoLoad"/>
<objectids-entry key="¤¤" objectid="487" type="MONITOR" value="NeoLoad$NeoLoad$ibytesperinterface~NeoLoad~wlan1"/>
<objectids-entry key="¤¤" objectid="488" type="MONITOR" value="NeoLoad$NeoLoad$obytesperinterface~NeoLoad~wlan1"/>
<objectids-entry key="¤¤" objectid="489" type="MONITOR" value="NeoLoad$NeoLoad$ibytesperinterface~NeoLoad~wlan0"/>
<objectids-entry key="¤¤" objectid="490" type="MONITOR" value="NeoLoad$NeoLoad$obytesperinterface~NeoLoad~wlan0"/>
<objectids-entry key="¤¤" objectid="491" type="MONITOR" value="NeoLoad$NeoLoad$ibytesperinterface~NeoLoad~eth3"/>
<objectids-entry key="¤¤" objectid="492" type="MONITOR" value="NeoLoad$NeoLoad$obytesperinterface~NeoLoad~eth3"/>
<objectids-entry key="¤¤" objectid="493" type="MONITOR" value="NeoLoad$NeoLoad$ibytesperinterface~NeoLoad~eth1"/>
<objectids-entry key="¤¤" objectid="494" type="MONITOR" value="NeoLoad$NeoLoad$obytesperinterface~NeoLoad~eth1"/>
<objectids-entry key="¤¤" objectid="495" type="MONITOR" value="NeoLoad$NeoLoad$zoneuserload~Default zone"/>
<objectids-entry key="¤¤" objectid="496" type="MONITORED_HOST" value="LG localhost:7100"/>
<objectids-entry key="¤¤" objectid="497" type="MONITORCONNECTION" value="LG localhost:7100$NeoLoad"/>
<objectids-entry key="¤¤" objectid="498" type="MONITOR" value="LG localhost:7100$NeoLoad$lgcpu.localhost:7100"/>
<objectids-entry key="¤¤" objectid="499" type="THRESHOLD" value="LG localhost:7100$NeoLoad$3ab15634-d644-4e02-a0c2-06462eab2915"/>
<objectids-entry key="¤¤" objectid="500" type="MONITOR" value="LG localhost:7100$NeoLoad$lgmemory.localhost:7100"/>
<objectids-entry key="¤¤" objectid="501" type="THRESHOLD" value="LG localhost:7100$NeoLoad$b91b3f8f-dfb2-47c2-ba0d-433b629e181d"/>
<objectids-entry key="¤¤" objectid="502" type="MONITOR" value="LG localhost:7100$NeoLoad$lgthroughput.localhost:7100"/>
<objectids-entry key="¤¤" objectid="503" type="MONITOR" value="LG localhost:7100$NeoLoad$lguserloadperpopulation~localhost:7100"/>
<objectids-entry key="¤¤" objectid="504" type="MONITOR" value="LG localhost:7100$NeoLoad$lgthreadcount.localhost:7100"/>
<objectids-entry key="¤¤" objectid="505" type="MONITOR" value="LG localhost:7100$NeoLoad$lg.jetty.httpclient.threadpool.used.localhost:7100"/>
<objectids-entry key="¤¤" objectid="506" type="MONITOR" value="LG localhost:7100$NeoLoad$lg.jetty.httpclient.taskpool.used.localhost:7100"/>
<objectids-entry key="¤¤" objectid="507" type="THRESHOLD" value="LG localhost:7100$NeoLoad$25bb3d7c-5d4d-499c-a10c-9e20da3b540b"/>
<objectids-entry key="¤¤" objectid="508" type="MONITOR" value="LG localhost:7100$NeoLoad$lgdisconnections.localhost:7100"/>
<objectids-entry key="¤¤" objectid="509" type="MONITOR" value="LG localhost:7100$NeoLoad$lgreconnections.localhost:7100"/>
<objectids-entry key="¤¤" objectid="510" type="MONITOR" value="LG localhost:7100$NeoLoad$lgping.localhost:7100"/>
<objectids-entry key="¤¤" objectid="511" type="MONITOR" value="LG localhost:7100$NeoLoad$lgotcp.localhost:7100"/>
<objectids-entry key="¤¤" objectid="512" type="MONITOR" value="LG localhost:7100$NeoLoad$lgtcp.localhost:7100"/>
<objectids-entry key="¤¤" objectid="513" type="MONITOR" value="LG localhost:7100$NeoLoad$lgibytesperinterface~localhost:7100~wlan1"/>
<objectids-entry key="¤¤" objectid="514" type="MONITOR" value="LG localhost:7100$NeoLoad$lgobytesperinterface~localhost:7100~wlan1"/>
<objectids-entry key="¤¤" objectid="515" type="MONITOR" value="LG localhost:7100$NeoLoad$lgibytesperinterface~localhost:7100~wlan0"/>
<objectids-entry key="¤¤" objectid="516" type="MONITOR" value="LG localhost:7100$NeoLoad$lgobytesperinterface~localhost:7100~wlan0"/>
<objectids-entry key="¤¤" objectid="517" type="MONITOR" value="LG localhost:7100$NeoLoad$lgibytesperinterface~localhost:7100~eth3"/>
<objectids-entry key="¤¤" objectid="518" type="MONITOR" value="LG localhost:7100$NeoLoad$lgobytesperinterface~localhost:7100~eth3"/>
<objectids-entry key="¤¤" objectid="519" type="MONITOR" value="LG localhost:7100$NeoLoad$lgibytesperinterface~localhost:7100~eth1"/>
<objectids-entry key="¤¤" objectid="520" type="MONITOR" value="LG localhost:7100$NeoLoad$lgobytesperinterface~localhost:7100~eth1"/>
<objectids-entry key="¤¤" objectid="521" type="MONITOR" value="LG localhost:7100$NeoLoad$lguserloadperpopulation~localhost:7100~Population1"/>
<objectids-entry key="¤¤" objectid="522" type="MONITOR" value="LG localhost:7100$NeoLoad$lguserloadperpopulation~localhost:7100~Population1~Browse"/>
<objectids-entry key="¤¤" objectid="523" type="MONITOR" value="LG localhost:7100$NeoLoad$lguserloadperpopulation~localhost:7100~Population1~Admin Site Browse"/>
<objectids-entry key="¤¤" objectid="524" type="MONITOR" value="LG localhost:7100$NeoLoad$lguserloadperpopulation~localhost:7100~Population1~Check Order Status"/>
<objectids-entry key="¤¤" objectid="525" type="MONITOR" value="LG localhost:7100$NeoLoad$lguserloadperpopulation~localhost:7100~Population1~New Buyer"/>
</objectids-table>
<!--****** DURATION ******-->
<duration value="3957330"/>
<!--****** AGGREGATION PERIOD ******-->
<aggregation-period value="5000"/>
<!--****** EXTENDED STATISTICS ******-->
<truncated-mean centered-interval="true" percentage="90"/>
<percentile percentage="50"/>
</project>
