
	<!DOCTYPE project [
		<!ELEMENT project (objectids-table | current-scenario | duration | aggregation-period | truncated-mean | percentile)* >
	
		<!ELEMENT objectids-table (objectids-entry)* >
		<!ELEMENT objectids-entry (#PCDATA)>
		<!ELEMENT duration (#PCDATA)>
		<!ELEMENT truncated-mean (#PCDATA)>
		<!ELEMENT percentile (#PCDATA)>
		<!ELEMENT aggregation-period (#PCDATA)>
		<!ELEMENT current-scenario (#PCDATA)>
		<!ATTLIST duration
		    value CDATA #REQUIRED>
	    <!ATTLIST aggregation-period
		    value CDATA #REQUIRED>
		<!ATTLIST objectids-entry
		    objectid CDATA #REQUIRED
		    type CDATA #REQUIRED
		    value CDATA #REQUIRED
		    key CDATA #REQUIRED>
		<!ATTLIST truncated-mean
		    centered-interval CDATA #REQUIRED
		    percentage CDATA #REQUIRED>
		 <!ATTLIST percentile
		    percentage CDATA #REQUIRED>
	]>


<!--****** RUNTIME PROJECT ******--><project>
<!--****** CURRENT SCENARIO ******-->
<current-scenario>WebServices</current-scenario>
<!--****** OBJECTIDS ******-->
<objectids-table>
<objectids-entry key="" objectid="0" type="LG_HOST" value="localhost:7100"/>
<objectids-entry key="" objectid="1" type="ZONE" value="Default zone"/>
<objectids-entry key="Default zone¤Test Start¤" objectid="2" type="POPULATION" value="Test Start"/>
<objectids-entry key="Default zone¤Test Start¤AppD - Test Start" objectid="3" type="VIRTUAL_USER" value="AppD - Test Start"/>
<objectids-entry key="Default zone¤Test Start¤AppD - Test Start" objectid="4" type="BASIC_LOGICAL_CONTAINER" value="$parent=AppD - Test Start;$index=0"/>
<objectids-entry key="Default zone¤Test Start¤AppD - Test Start" objectid="5" type="BASIC_LOGICAL_CONTAINER" value="$parent=AppD - Test Start;$index=1"/>
<objectids-entry key="Default zone¤Test Start¤AppD - Test Start" objectid="6" type="HTTP_PAGE" value="fdd72d00-65ca-42e2-9977-14afcd49289f"/>
<objectids-entry key="Default zone¤Test Start¤AppD - Test Start" objectid="7" type="ACTION" value="0a308184-55ce-429f-ab48-500884bb70e8"/>
<objectids-entry key="Default zone¤Test Start¤AppD - Test Start" objectid="8" type="BASIC_LOGICAL_CONTAINER" value="$parent=AppD - Test Start;$index=2"/>
<objectids-entry key="Default zone¤Test Stop¤" objectid="9" type="POPULATION" value="Test Stop"/>
<objectids-entry key="Default zone¤Test Stop¤AppD - Test Stop" objectid="10" type="VIRTUAL_USER" value="AppD - Test Stop"/>
<objectids-entry key="Default zone¤Test Stop¤AppD - Test Stop" objectid="11" type="BASIC_LOGICAL_CONTAINER" value="$parent=AppD - Test Stop;$index=0"/>
<objectids-entry key="Default zone¤Test Stop¤AppD - Test Stop" objectid="12" type="BASIC_LOGICAL_CONTAINER" value="$parent=AppD - Test Stop;$index=1"/>
<objectids-entry key="Default zone¤Test Stop¤AppD - Test Stop" objectid="13" type="HTTP_PAGE" value="d16a0ea3-b4c3-4cc3-8302-b9248599ee44"/>
<objectids-entry key="Default zone¤Test Stop¤AppD - Test Stop" objectid="14" type="ACTION" value="08ee83ae-2bfe-4c05-bfdf-c4c2a478e430"/>
<objectids-entry key="Default zone¤Test Stop¤AppD - Test Stop" objectid="15" type="BASIC_LOGICAL_CONTAINER" value="$parent=AppD - Test Stop;$index=2"/>
<objectids-entry key="Default zone¤Web Services¤" objectid="16" type="POPULATION" value="Web Services"/>
<objectids-entry key="Default zone¤Web Services¤WSDL - good" objectid="17" type="VIRTUAL_USER" value="WSDL - good"/>
<objectids-entry key="Default zone¤Web Services¤WSDL - good" objectid="18" type="BASIC_LOGICAL_CONTAINER" value="$parent=WSDL - good;$index=0"/>
<objectids-entry key="Default zone¤Web Services¤WSDL - good" objectid="19" type="BASIC_LOGICAL_CONTAINER" value="$parent=WSDL - good;$index=1"/>
<objectids-entry key="Default zone¤Web Services¤WSDL - good" objectid="20" type="BASIC_LOGICAL_CONTAINER" value="b278d237-21f1-4f0b-a40a-3fe7b0b3d81d"/>
<objectids-entry key="Default zone¤Web Services¤WSDL - good" objectid="21" type="ACTION" value="a6ecd012-5703-4c43-b53e-78d9c8c9fc03"/>
<objectids-entry key="Default zone¤Web Services¤WSDL - good" objectid="22" type="BASIC_LOGICAL_CONTAINER" value="7c06983f-61a8-4e35-9930-ab7569a278e5"/>
<objectids-entry key="Default zone¤Web Services¤WSDL - good" objectid="23" type="BASIC_LOGICAL_CONTAINER" value="768b250a-4e97-43c0-a67a-7b9986441b9f"/>
<objectids-entry key="Default zone¤Web Services¤WSDL - good" objectid="24" type="ACTION" value="ab90d44d-0b51-434b-b690-63998b5bff4d"/>
<objectids-entry key="Default zone¤Web Services¤WSDL - good" objectid="25" type="BASIC_LOGICAL_CONTAINER" value="8eb9ff5f-0dfd-4add-9eaf-76e803a1e484"/>
<objectids-entry key="Default zone¤Web Services¤WSDL - good" objectid="26" type="ACTION" value="5fd27530-dc3b-4820-9e7c-e5148316172b"/>
<objectids-entry key="Default zone¤Web Services¤WSDL - good" objectid="27" type="BASIC_LOGICAL_CONTAINER" value="2f19aa44-e1c9-4b5b-9a08-bf0cbe3fee2c"/>
<objectids-entry key="Default zone¤Web Services¤WSDL - good" objectid="28" type="ACTION" value="5a836a07-7554-4f0e-bc42-5f67d075292b"/>
<objectids-entry key="Default zone¤Web Services¤WSDL - good" objectid="29" type="BASIC_LOGICAL_CONTAINER" value="a2b6095f-73fa-4a23-bfaf-0d23250567d3"/>
<objectids-entry key="Default zone¤Web Services¤WSDL - good" objectid="30" type="ACTION" value="1307bc8f-87af-4759-8648-4d46703f3cc1"/>
<objectids-entry key="Default zone¤Web Services¤WSDL - good" objectid="31" type="BASIC_LOGICAL_CONTAINER" value="2b8edeb7-95b3-4606-99ae-9e25edf05412"/>
<objectids-entry key="Default zone¤Web Services¤WSDL - good" objectid="32" type="ACTION" value="dbdf94d2-ff13-4de1-8c6b-c6b8798afc5b"/>
<objectids-entry key="Default zone¤Web Services¤WSDL - good" objectid="33" type="BASIC_LOGICAL_CONTAINER" value="6a455606-4984-4220-a1ab-6471754f21f2"/>
<objectids-entry key="Default zone¤Web Services¤WSDL - good" objectid="34" type="ACTION" value="eff45fdd-7986-4f25-bf73-bc6f1c5bfb30"/>
<objectids-entry key="Default zone¤Web Services¤WSDL - good" objectid="35" type="BASIC_LOGICAL_CONTAINER" value="016ff0e0-ad2b-4940-b152-60d50b25e699"/>
<objectids-entry key="Default zone¤Web Services¤WSDL - good" objectid="36" type="ACTION" value="93dfb200-44c9-4446-8a67-ed4d33fd9d62"/>
<objectids-entry key="Default zone¤Web Services¤WSDL - good" objectid="37" type="BASIC_LOGICAL_CONTAINER" value="d6e76a1b-677f-45d8-a1d7-bb3b39aaeaf2"/>
<objectids-entry key="Default zone¤Web Services¤WSDL - good" objectid="38" type="ACTION" value="5ff8884a-2ab1-4369-bbeb-54e91291d6eb"/>
<objectids-entry key="Default zone¤Web Services¤WSDL - good" objectid="39" type="BASIC_LOGICAL_CONTAINER" value="ac39fe5f-cd6a-42b9-a41d-083bc478158b"/>
<objectids-entry key="Default zone¤Web Services¤WSDL - good" objectid="40" type="ACTION" value="bbd658a1-99bd-4f68-9f52-50b1263b5204"/>
<objectids-entry key="Default zone¤Web Services¤WSDL - good" objectid="41" type="BASIC_LOGICAL_CONTAINER" value="3864b635-0d6a-4f7f-99c8-e2a8b3bfd61d"/>
<objectids-entry key="Default zone¤Web Services¤WSDL - good" objectid="42" type="ACTION" value="698fca97-40f4-47a0-b314-6050ba0446e4"/>
<objectids-entry key="Default zone¤Web Services¤WSDL - good" objectid="43" type="BASIC_LOGICAL_CONTAINER" value="e42830d8-7843-45f5-9c92-b3f99ee5c4c9"/>
<objectids-entry key="Default zone¤Web Services¤WSDL - good" objectid="44" type="ACTION" value="45b19e71-c50b-499d-bef8-90d101696935"/>
<objectids-entry key="Default zone¤Web Services¤WSDL - good" objectid="45" type="BASIC_LOGICAL_CONTAINER" value="d8480192-e07d-4296-9497-cc11e6410bf6"/>
<objectids-entry key="Default zone¤Web Services¤WSDL - good" objectid="46" type="ACTION" value="906bdf87-e186-4e56-9c7c-21e11a2e8c34"/>
<objectids-entry key="Default zone¤Web Services¤WSDL - good" objectid="47" type="BASIC_LOGICAL_CONTAINER" value="dc4b5840-1743-404c-a365-fb2803f586fc"/>
<objectids-entry key="Default zone¤Web Services¤WSDL - good" objectid="48" type="ACTION" value="f13aaa72-c06e-4851-a1ae-8228a466abd9"/>
<objectids-entry key="Default zone¤Web Services¤WSDL - good" objectid="49" type="BASIC_LOGICAL_CONTAINER" value="e3087dbd-f06c-409c-9516-d517cab2b7ba"/>
<objectids-entry key="Default zone¤Web Services¤WSDL - good" objectid="50" type="ACTION" value="99819990-22a5-4618-be40-7a8eab763586"/>
<objectids-entry key="Default zone¤Web Services¤WSDL - good" objectid="51" type="BASIC_LOGICAL_CONTAINER" value="$parent=WSDL - good;$index=2"/>
<objectids-entry key="¤¤" objectid="52" type="MONITORED_HOST" value="NeoLoad"/>
<objectids-entry key="¤¤" objectid="53" type="MONITORCONNECTION" value="NeoLoad$NeoLoad"/>
<objectids-entry key="¤¤" objectid="54" type="MONITOR" value="NeoLoad$NeoLoad$UserLoad"/>
<objectids-entry key="¤¤" objectid="55" type="MONITOR" value="NeoLoad$NeoLoad$throughput"/>
<objectids-entry key="¤¤" objectid="56" type="MONITOR" value="NeoLoad$NeoLoad$Alerts"/>
<objectids-entry key="¤¤" objectid="57" type="MONITOR" value="NeoLoad$NeoLoad$CriticalAlerts"/>
<objectids-entry key="¤¤" objectid="58" type="MONITOR" value="NeoLoad$NeoLoad$WarningAlerts"/>
<objectids-entry key="¤¤" objectid="59" type="MONITOR" value="NeoLoad$NeoLoad$cpu"/>
<objectids-entry key="¤¤" objectid="60" type="THRESHOLD" value="NeoLoad$NeoLoad$a1085f0f-a3fd-4342-873c-d2a6a9f565d9"/>
<objectids-entry key="¤¤" objectid="61" type="MONITOR" value="NeoLoad$NeoLoad$memory"/>
<objectids-entry key="¤¤" objectid="62" type="THRESHOLD" value="NeoLoad$NeoLoad$ba146cc6-50b8-425a-a400-f6d8371efa45"/>
<objectids-entry key="¤¤" objectid="63" type="MONITOR" value="NeoLoad$NeoLoad$threadcount"/>
<objectids-entry key="¤¤" objectid="64" type="MONITOR" value="NeoLoad$NeoLoad$connectedlg"/>
<objectids-entry key="¤¤" objectid="65" type="MONITOR" value="NeoLoad$NeoLoad$totallgdisconnections"/>
<objectids-entry key="¤¤" objectid="66" type="THRESHOLD" value="NeoLoad$NeoLoad$d33e412b-0cb9-421f-a04c-e93d3507331d"/>
<objectids-entry key="¤¤" objectid="67" type="MONITOR" value="NeoLoad$NeoLoad$totallgreconnections"/>
<objectids-entry key="¤¤" objectid="68" type="MONITOR" value="NeoLoad$NeoLoad$otcp.NeoLoad"/>
<objectids-entry key="¤¤" objectid="69" type="MONITOR" value="NeoLoad$NeoLoad$tcp.NeoLoad"/>
<objectids-entry key="¤¤" objectid="70" type="MONITOR" value="NeoLoad$NeoLoad$ibytesperinterface~NeoLoad~wlan1"/>
<objectids-entry key="¤¤" objectid="71" type="MONITOR" value="NeoLoad$NeoLoad$obytesperinterface~NeoLoad~wlan1"/>
<objectids-entry key="¤¤" objectid="72" type="MONITOR" value="NeoLoad$NeoLoad$ibytesperinterface~NeoLoad~wlan0"/>
<objectids-entry key="¤¤" objectid="73" type="MONITOR" value="NeoLoad$NeoLoad$obytesperinterface~NeoLoad~wlan0"/>
<objectids-entry key="¤¤" objectid="74" type="MONITOR" value="NeoLoad$NeoLoad$ibytesperinterface~NeoLoad~eth3"/>
<objectids-entry key="¤¤" objectid="75" type="MONITOR" value="NeoLoad$NeoLoad$obytesperinterface~NeoLoad~eth3"/>
<objectids-entry key="¤¤" objectid="76" type="MONITOR" value="NeoLoad$NeoLoad$ibytesperinterface~NeoLoad~eth1"/>
<objectids-entry key="¤¤" objectid="77" type="MONITOR" value="NeoLoad$NeoLoad$obytesperinterface~NeoLoad~eth1"/>
<objectids-entry key="¤¤" objectid="78" type="MONITOR" value="NeoLoad$NeoLoad$zoneuserload~Default zone"/>
<objectids-entry key="¤¤" objectid="79" type="MONITORED_HOST" value="LG localhost:7100"/>
<objectids-entry key="¤¤" objectid="80" type="MONITORCONNECTION" value="LG localhost:7100$NeoLoad"/>
<objectids-entry key="¤¤" objectid="81" type="MONITOR" value="LG localhost:7100$NeoLoad$lgcpu.localhost:7100"/>
<objectids-entry key="¤¤" objectid="82" type="THRESHOLD" value="LG localhost:7100$NeoLoad$73bccc43-6c86-4cff-b6db-e077d559f4e0"/>
<objectids-entry key="¤¤" objectid="83" type="MONITOR" value="LG localhost:7100$NeoLoad$lgmemory.localhost:7100"/>
<objectids-entry key="¤¤" objectid="84" type="THRESHOLD" value="LG localhost:7100$NeoLoad$1e1c3da3-1993-45f3-ba77-601530d8e7b6"/>
<objectids-entry key="¤¤" objectid="85" type="MONITOR" value="LG localhost:7100$NeoLoad$lgthroughput.localhost:7100"/>
<objectids-entry key="¤¤" objectid="86" type="MONITOR" value="LG localhost:7100$NeoLoad$lguserloadperpopulation~localhost:7100"/>
<objectids-entry key="¤¤" objectid="87" type="MONITOR" value="LG localhost:7100$NeoLoad$lgthreadcount.localhost:7100"/>
<objectids-entry key="¤¤" objectid="88" type="MONITOR" value="LG localhost:7100$NeoLoad$lg.jetty.httpclient.threadpool.used.localhost:7100"/>
<objectids-entry key="¤¤" objectid="89" type="MONITOR" value="LG localhost:7100$NeoLoad$lg.jetty.httpclient.taskpool.used.localhost:7100"/>
<objectids-entry key="¤¤" objectid="90" type="THRESHOLD" value="LG localhost:7100$NeoLoad$ea3cce9b-26b6-4600-a098-8fdc7195db1e"/>
<objectids-entry key="¤¤" objectid="91" type="MONITOR" value="LG localhost:7100$NeoLoad$lgdisconnections.localhost:7100"/>
<objectids-entry key="¤¤" objectid="92" type="MONITOR" value="LG localhost:7100$NeoLoad$lgreconnections.localhost:7100"/>
<objectids-entry key="¤¤" objectid="93" type="MONITOR" value="LG localhost:7100$NeoLoad$lgping.localhost:7100"/>
<objectids-entry key="¤¤" objectid="94" type="MONITOR" value="LG localhost:7100$NeoLoad$lgotcp.localhost:7100"/>
<objectids-entry key="¤¤" objectid="95" type="MONITOR" value="LG localhost:7100$NeoLoad$lgtcp.localhost:7100"/>
<objectids-entry key="¤¤" objectid="96" type="MONITOR" value="LG localhost:7100$NeoLoad$lgibytesperinterface~localhost:7100~wlan1"/>
<objectids-entry key="¤¤" objectid="97" type="MONITOR" value="LG localhost:7100$NeoLoad$lgobytesperinterface~localhost:7100~wlan1"/>
<objectids-entry key="¤¤" objectid="98" type="MONITOR" value="LG localhost:7100$NeoLoad$lgibytesperinterface~localhost:7100~wlan0"/>
<objectids-entry key="¤¤" objectid="99" type="MONITOR" value="LG localhost:7100$NeoLoad$lgobytesperinterface~localhost:7100~wlan0"/>
<objectids-entry key="¤¤" objectid="100" type="MONITOR" value="LG localhost:7100$NeoLoad$lgibytesperinterface~localhost:7100~eth3"/>
<objectids-entry key="¤¤" objectid="101" type="MONITOR" value="LG localhost:7100$NeoLoad$lgobytesperinterface~localhost:7100~eth3"/>
<objectids-entry key="¤¤" objectid="102" type="MONITOR" value="LG localhost:7100$NeoLoad$lgibytesperinterface~localhost:7100~eth1"/>
<objectids-entry key="¤¤" objectid="103" type="MONITOR" value="LG localhost:7100$NeoLoad$lgobytesperinterface~localhost:7100~eth1"/>
<objectids-entry key="¤¤" objectid="104" type="MONITOR" value="LG localhost:7100$NeoLoad$lguserloadperpopulation~localhost:7100~Test Start"/>
<objectids-entry key="¤¤" objectid="105" type="MONITOR" value="LG localhost:7100$NeoLoad$lguserloadperpopulation~localhost:7100~Test Start~AppD - Test Start"/>
<objectids-entry key="¤¤" objectid="106" type="MONITOR" value="LG localhost:7100$NeoLoad$lguserloadperpopulation~localhost:7100~Test Stop"/>
<objectids-entry key="¤¤" objectid="107" type="MONITOR" value="LG localhost:7100$NeoLoad$lguserloadperpopulation~localhost:7100~Test Stop~AppD - Test Stop"/>
<objectids-entry key="¤¤" objectid="108" type="MONITOR" value="LG localhost:7100$NeoLoad$lguserloadperpopulation~localhost:7100~Web Services"/>
<objectids-entry key="¤¤" objectid="109" type="MONITOR" value="LG localhost:7100$NeoLoad$lguserloadperpopulation~localhost:7100~Web Services~WSDL - good"/>
</objectids-table>
<!--****** DURATION ******-->
<duration value="600088"/>
<!--****** AGGREGATION PERIOD ******-->
<aggregation-period value="5000"/>
<!--****** EXTENDED STATISTICS ******-->
<truncated-mean centered-interval="true" percentage="90"/>
<percentile percentage="50"/>
</project>
